sponge_1,sponge_2
FGD5-AS1,2-Sep
AFAP1-AS1,2-Sep
lincRNA-RoR,4-Oct
OCT4-PG5,4-Oct
MEG3,12-LOX 
MEG3,15-LOX 
ERBIN,4EBP1
H19,AAV2
LncOR13C9,ABCA1
MALAT1,ABCA1
kcnq1ot1,ABCA1
BLACAT1,ABCB1
LUCAT1,ABCB1
NR2F1-AS1,ABCC1
ZEB1-AS1,ABCC1
SNHG5,ABCC2
FOXD2-AS1,ABCC3
HOTAIRM1,ABCE1
MEG3,ABCG2
Circ_0077210,ACADL
LncMyoD,ACADSB
KCNQ1OT1,ACER3
PPP1R26-AS1,ACLY
DLEU1,ACLY
TMPO-AS1,ACLY
HBX,ACSL1
IGF1R,ACSl3
MEG3,ACSl3
H19,ACSL4
H19,ACTA2
MIR31HG,ACTB
LINC01278,ACTG2
MALAT1,ADAM10
SNHG20,ADAM10
Circ-PRKCH,ADAM10
LUCAT1,ADAM10
HOTAIR,ADAM10
LINC01551,ADAM10
LNC015192,ADAM12
NCK1-AS1,ADAM15
MALAT1,ADAM17
HULC,ADAM9
HOXB-AS3,ADAM9
MIR22HG,ADAMTS5
XIST,ADAMTS5
CircNEIL3,ADAR1
CircArhgap12,ADCY1
LINC00324,ADCYAP1R1
MEG3,ADH4
ZEB1,ADPGK-AS1
AC092127.1,AEBP2
TUG1,AEG1
HOXD-AS1,AEG1
FTX,AEG1
FTX,AEG1 
HOXD-AS1,AEG1 
TUG1,AEG1 
AFAP1-AS1,AFAP1
FAL1,AFP
CircSMYD4,AFP
AGER1,AGER
PVT1,AGO1
HOTAIR,AGO2
HOTTIP,AGO2
MALAT1,AGO2
SNHG5,AGO2
UCA1,AGO2
ALOX12-AS1,AGO2
GAS5,AGO4
H19,AGO4
HOTAIR,AGO4
PTENP1-AS,AGO4
GAS5,AHR
LINC00707,AHSA1
MEG3,AIFM2
MALAT1,AKAP12
MEG3,AKAP12
ZNF667-AS1,AKAP13
ciRS-7,AKT
DGCR5,AKT
GAS5,AKT
H19,AKT
HBX,AKT
HULC,AKT
LINC00052,AKT
MALAT1,AKT
MEG3,AKT
PWRN1,AKT
SNHG14,AKT
SNHG16,AKT
TUSC7,AKT
UCA1,AKT
XIST,AKT
LncZEB1-AS1,AKT
LOC100912373,AKT
PVT1,AKT
CircRILPL1,AKT
PIP5K1A,AKT
WT1-AS,AKT
CircRNA_103801,AKT
OIP5-AS1,AKT
LSINCT5,AKT
FAL1,AKT1
HOTTIP,AKT1
SNHG6-003,AKT1
EIF3J-AS1,AKT1
LINC01605,AKT1
INHBA-AS1,AKT1
NIFK-AS1,AKT1
CircPSMA1,AKT1B
GM15290,AKT2
H19,AKT2
HOTAIR,AKT2
CircADD2,AKT2
MIR181A2HG,AKT2
HOTTIP,AKT2
ZNF609,AKT3
RP11-480I12.5-004,AKT3
LINC00680,AKT3
CircHIPK3,AKT3
CDKN2B-AS1,AKT3
TP73-AS1,AKT3
CASC9,AKT3
H19,AKT3
KCNQ1OT1,AKT3
LINC01224,AKT3
circ_WHSC1,AKT3
MEG3,ALOX12
MEG3,ALOX15
LncRNA-599547,ALP
SIPA1L1,ALPL
PVT1,ANGPT2
LINC00184,ANGPT2
CCAL,ANGPTL4
GIHCG,ANO1
MIAT,ANP
TUG1,ANPEP
ANRIL,ANRIL
MALAT1,ANXA2
LINC00184,ANXA2
LINC00659,ANXA2
TUG1,ANXA8
LINC00518,AP1S2
LINC00176,AP4
LNC473,APAF1
TALNEC2,APAF1
LNC474,APAF2
LINC01133,APC
GHRLOS,APC
hsa_circ_0005114,APC
H19,APEX1
LOC100129973 ,API5
Circ_0123190,APLNR
ESCCAL-1,APOBEC3G
ZEB1-AS1,APOC1
MALAT1,APOL1
circGPC3,APSM
H19,AQP3
SNHG14,AQP4
NEAT1,AQP4
H19,AQPQ
PlncRNA1,AR
XIST,AR
PlncRNA-1,AR
Circ-ASPH,AR
HRCR,ARC
lincRNA-RoR,ARF6
lincRNA-RoR,ARF6 
SNHG12,ARGO2
HOXD-AS1,ARHGAP11A
NEAT1,ARHGAP26
circUBE2K,ARHGAP5
GAS5,ARHI
GAS5,ARHI 
GAS5,ARID1A
ERICD,ARID3A
ZBED3-AS1,ARID4B
UCA1,ARL2
GAS6-AS2,ARL2
PVT1,ARL2
SNHG3,ARL2
HOTAIR,ARNT2
SNHG6,ARPP19
MCM3AP-AS1,ARPP19
NLC1-C,ARPP-19
sponge-182,ARRDC3
sponge-183,ARRDC3
sponge-96,ARRDC3
sponge-183,ARRDC32
ADAMTS9-AS1,AS2
LINC00665,ASF1B
TUG1,ASMA
NEAT1,ATAD2
PCAT14,ATAD2
MALAT1,ATAD2
LINC00665,ATF1
hsa_circ_0001859,ATF2
UCA1,ATF2
PCNAP1,ATF7
HOTAIR,ATG12
MALAT1,ATG12
HCG11,ATG12
KCNQ1OT1,ATG12
SNHG11,ATG12
SNHG1,ATG14
CircRAB11FIP1,ATG14
LINC01572,ATG14
HOTAIR,ATG16
HOTAIR,ATG2
HOTAIR,ATG2B
PVT1,ATG3
circRNA_016194,Atg4b
CRNDE,ATG4B
MALAT1,ATG4D
5-Mar,ATG5
HNF1A-AS1,ATG5
BACE1-AS,ATG5
CCAT1,ATG5
APF,ATG7
PTENP1,ATG7
PVT1,Atg7
CCAT1,ATG7
H19,ATG7
CircRAB11FIP1,ATG7
CHRF,ATG7
SNHG8,ATG7
DANCR,ATG7
GAS8-AS1,ATG7
HOTAIR,ATG7
HAGLROS,ATG9A
HAGLROS,ATG9B
NEAT1,ATGL
LncIMF2,ATGL
XIST,ATP
circ-DROSHA,ATP1A2
lnc-SCA7,ATXN7
LINC00319,AURKA
XIST,AVEN
hsa_circ_0058357,AVL9
LncDBH-AS1,AXIN1
NEAT1,AXIN1
HNRNPU-AS1,AXIN2
DANCR,AXL
HOTAIR,AXL
HOTAIR ,AXL
lncARSR,AXL
GSEC,AXL
AAV9,AZIN1
DANCR,B4GALT3
HOTAIRM1,B7H2
TUG1,B7-H3
LRRC75A-AS1,BAALC
BACE1-AS,BACE1
miR-188-3p sponge,BACE1
MAGI2-AS3,BACE1
TRG-AS1,BACH1
NEAT1,BACH1
SNHG5,BACH1
XIST,BACH1
Lnc712,BACH1
XIST,BAG1
circ_001569,BAG4
PART 1,BAMBI
CERS6-AS1,BAP1
CircFBXW7,BARX2
LINC01638,BATF3
miR-449 sponge,BAX
PMS2L2,BAX
SNHG1,BAX
MALAT1,BAX
PBCAS4,BCAS4
LINC00324,BCAT1
TMPO-AS1,BCAT1
NEAT1,b-catenin
H19,b-catenin
lncRNA-ATB,b-catenin
CRNDE,b-catenin
p21,b-catenin
MNX1-AS1,b-catenin
LINC01094,b-catenin
circRNA_000479,BCL11A
CCAT2,BCL2
CRNDE,BCL2
DANCR,BCL2
DGCR5,BCL2
DLEU2,BCL2
H19,BCL2
HNF1A-AS1,BCL2
HOTAIR,BCL2
HOTTIP,BCL2
HULC,BCL2
LINC00152,BCL2
lincRNA-RoR,BCL2
MALAT1,BCL2
MEG3,BCL2
miR-497 sponge,BCL2
NEAT1,BCL2
NED125,BCL2
OIP5-AS1,BCL2
PBCAS4,BCL2
PVT1,BCL2
UCA1,BCL2
UCC,BCL2
XIST,BCL2
XIST ,BCL2
TONSL-AS1,BCL2
LHFPL3-AS1,BCL2
LINC02418,BCL2
LUCAT1,BCL2
RUSC1-AS1,BCL2
PANTR1,BCL2A1
TUG1,BCL2L11
ACTA2-AS1,BCL2L11
LOC100129973 ,BCL2L12
FOXD3-AS1,BCL2L13
FTX,BCL2L2
MT1JP,BCL2L2
KCNQ1OT1,BCL2L2
XIST,BCL2L2
PCAT1,BCL3
CNALPTC1,BCL9
MNX1-AS1,BCL9
NCK1-AS1,BCL9
NEAT1,BCL9
LINC00665,BCL9L
PVT1,BCLAF1
RP11-436H11.5,BCLW
MIAT,BCOR
KCNQ1OT1,BDNF
MALAT1,Beclin1
PVT1,Beclin1
NEAT1,Beclin1
anti-miR-183,betaTrCP1
LINC00526,BEX1
LINC00460,BGN
MIR155HG,BIC
circ_DOCK1,BIRC3
circDOCK1,BIRC3
PART1,BIRC5
GAS5,BMF
SNHG14,BMF
MIAT,BMHC
CCAT1,BMI1
HOTAIR,BMI1
LINC00152,BMI1
PVT1,BMI1
ZFAS1,BMI1
MALAT1,BMI1
LncRNA-SNHG29,BMP2
NEAT1,BMP2
TCONS_00023297,BMP2
circ_0000020,BMP2
PVT1,BMP3
RAET1E-AS1,BMPER
SNHG6,BMPR1B
MALAT1,BMYB
MALAT1,BNIP3
MIAT,BNP
CEBPA-AS1,BOK
BRAFP1,BRAF
MALAT1,BRCA1
DLEU2L,BRCA2
TMPO-AS1,BRCC3
TUG1,BRD4
UCA1,BRD4
SNHG18,BRD4
NEAT1,BRD4
PCAT6,BRD4
ANRIL,BRI3
HCG11,BRMS1
LINC00324,BTG2
LINC01089,BTG2
XIST,BTG2
Circ_0014717,BTG2
MEG3,BTG2
CA3-AS1,BTG3
HOXA-AS2,BTN3A1
miR-135b sponge,b-TrCP
anti-miR-183,b-TrCP1
MALAT1,BUB1
BVES-AS1,BVES
NEAT1,BZW1
MIR155HG,C1S
CCAC1,C22orf46
STARD13-AS,C3A
circZFR,C8orf4
LncOGD-1006,CAAP1
TCONS_00075467,CACNA1C
lincRNA-RoR,CACO2
circ_0005909,CADM1
circ_0028173,CADM1
circ_0032462,CADM1
H19,CAMK2D
hsa_circ_0001564,CANX
LINC00263,CAPN2
MALAT1,CAPN4
RNPC1,CASC2
AATBC,CASK
SNHG5,CASP1
MIAT,CASP1
SNHG5,CASP1 
PVT1,CASP10
HOTAIR,CASP2
sponge-182,CASP2
sponge-183,CASP2
sponge-96,CASP2
TPT1-AS1,CASP2
CCAT1,CASP3
H19,CASP3
LNCRPA,CASP8
circ_0016347,caspase1
circ-0016347,caspase1
sponge-182,caspase2
sponge-183,caspase2
sponge-96,caspase2
HOTAIR,caspase2
CCAT1,caspase3
H19,caspase3
Circ_0005795,caspase3
LINC00319,caspase3
LRCF,caspase3
PMS2L2,caspase3
XIST,caspase3
circRAR1,caspase8
lncRpa,caspase8
PMS2L2,caspase9
PROX1-AS1,caspase9
HIPK3,CASR
hsa_circ_IPCEF1,CASR
CASC2,CAV1
IMFlnc1,CAV1
PVT1,caveolin1
LINC01234,CBFB
H19,CBLB
PCAT6,CBX2
LINC00857,CBX3
RP11-279C4.1,CBX3
KCNQ1OT1,CBX3
LINC00265,CBX4
LOXL1-AS1,CBX5
SNHG11,CBX5
MIR100HG,CBX6
circRNA8924,CBX8
MALAT1,CCAAT
H19,CCBL
LINC00514,CCDC71L
H19,CCK2R
XIST,CCL16
RMRP,CCL2
Prkcsh,Ccl2
DNAH17-AS1,CCNA2
decoy vector mir-15,CCND1
DLEU2,CCND1
EWSAT1,CCND1
FGFR3-AS,CCND1
HOTAIR,CCND1
MIR31HG,CCND1
NEAT1,CCND1
NLC1-C,CCND1
PVT1,CCND1
SNHG7,CCND1
CDKN2B-AS1,CCND1
HLA-F-AS1,CCND1
SNHG16,CCND1
LINC01503,CCND1
Circ-UBR1,CCND1
XIST,CCND1
DLEU2,CCND2
HOTAIR,CCND2
PDIA3P,CCND2
RMRP,CCND2
CircTHBS1,CCND2
CDKN2B-AS1,CCND2
PRNCR1,CCND2
LINC00473,CCND2
Hsa_circ_0008360,CCND2
FAM225B,CCND2
DLEU2,CCND3
DLEU2,CCNE1
CCAT1,CCNE1
lnc_000231,CCNE1
SENP3-EIF4A1,CCNE1
MCF2L-AS1,CCNE1
KCNQ1OT1,CCNE2
LINC00520,CCNE2
FAM83H-AS1,CCNE2
KCNQ1OT1,CCNE2 
OIP5-AS1,CCNG1
FAM225A,CCNG1
ANRIL,CCNG1
HOTAIR,CCNJ
UCA1,CCR7
HOTAIRM1,CD14
LAMC1,CD151
PIK3C2A,CD151
PVT1,CD151
CDC42,CD44
COL1A1,CD44
DGCR5,CD44
FN1,CD44
UCOO2KMD.1,CD44
cCSC1,CD44
LEF1-AS1,CD44
uc002kmd.1 ,CD44
LOXL1-AS1,CD44-EGFR
miR-20 GFP sponge(pcDNA5-CMV-d2eGFP vector),CD69
Circ_102049,CD80
CCAT1,CDC2
H19,CDC25A
LINC00152,CDC25A
LINC00662,CDC25A
OXCT1-AS1,CDC25A
SNHG11,CDC25A
FAM83A-AS1,CDC25B
hsa_circ_IPCEF1,CDC25B
SNHG15,CDC4
AdDecoy133,CDC42
MALAT1,CDC42
RPPH1,CDC42
ZFAS1,CDC42
SNHG1,CDC42
LINC00963,CDC5L
H19,CDC6
miR-7-specific decoy transcript,CDC7
Circ_0000629,CDC73
LINC00707,CDCA3
LINC02381,CDCA4
LINC01116,CDCA4
LINC01515,CDCA5
XIST,CDDP
HOTAIR,CDH1
MALAT1,CDH1
MEG3,CDH1
miR-9 sponge,CDH1
p21,CDH1
RP11-169D4.1,CDH1
UCA1,CDH1
H19,CDH13
HOTAIR,CDH2
LOC553103,CDH2
JPX,CDH2
IGF2-AS,CDH2
BLACAT1,CDH2 
MIR210HG,CDH2 
ZFAS1,CDIP1
TUG1,CDK
CCAT1,CDK1
NCK1-AS1,CDK1
CircMETTL3,CDK1
SNHG4,CDK1
SNHG12,CDK1
SNHG15,CDK14
HYPAL,CDK14
KCNQ1OT1,CDK16
TPT1-AS1,CDK16
CircRNA_001306,CDK16
LncRNA-H19,CDK2
CircRNA_141539,CDK3
CDK4PS,CDK4
DLEU2,CDK4
HNF1A-AS1,CDK4
MALAT1,CDK4
SNHG1,CDK4
circSP3,CDK4
ANRIL,CDK6
circ_000984,CDK6
circRNA_100290,CDK6
circTCF25,CDK6
DLEU2,CDK6
linc-NeD125,CDK6
NCK1-AS1,CDK6
NEAT1,CDK6
NNT-AS1,CDK6
TUSC7,CDK6
RP11-480I12.5-004,CDK6
LOC100129620,CDK6
DLEU1,CDK6
CircHIPK3,CDK6
Circ_0000714,CDK6
PCGEM1,CDK6
circ_0002062,CDK6
SNHG1,CDK7
HEIH,CDK8
HOXA-AS2,CDK8
LINC01224,CDK8
RMRP,CDK9
Circ_0107702,CDKL3
lncRNA-FER1L4,CDKN1A
PAX8-AS1-N,CDKN1A
NEAT1,CDKN1A
NEAT1,CDKN1B
BBOX1-AS1,CDKN2A
GAS5,CDKN2B
CDKN2B-AS1,CDKN2B
CRNDE,CDKN2D
CDR1NAT,CDR1
CDR1as,CDR1
CDR1-NAT,CDR1
XIST,CDX1
TINCR,CEBPA
XIST,CEBPA
BACE1-AS,CELF1
AFAP1-AS1,CELF1
GAS5,CELF2
PVT1,CENPH
LINC01158,CENPK
LINC00958,CENPK
MEG3,CEP131
CTBP1-AS2,CEP55
TGFB2-OT1,CERS1
MALAT1,CFOS
SLC16A1-AS1,CHD5
circ-SFMBT2,CHD7
LINC00466,CHEK1
KCNQ1OT1,CHI3L1
DLEU2,CHK1
LINC02582,CHK1
LHFPL3-AS1,CHSY1
HIPK2,CHTOP
FGD5-AS1,CITED2
CircSNHG5,CITED2
HOTAIR,CKIT
N335586,CKMT1A
circ-EFCAB2,CLCN6
LINC00922,CLDN1
MALAT1,CLDN11
circRNA-chr19,CLDN18
NKILA,CLDN2
TUBB2A,CLDN4
TSPEAR-AS2,CLDN4
MALAT1,Cle-Caspase-3
TDRG1,CLIC4
GAPLINC,c-MET
HOTAIR,c-MET
lncARSR,c-MET
NEAT1,c-MET
SNHG8,c-MET
TUG1,c-MET
FTX,c-MET
Linc00284,c-MET
SNHG4,c-MET
HULC,c-Myc
PCAT-1,c-Myc
CCAT1,c-Myc
CCR49,c-Myc
CCR492,c-Myc
CRNDE,c-Myc
H19,c-Myc
HOST2,c-Myc
HOTAIR,c-Myc
lincRNA-RoR,c-Myc
MIF,c-Myc
SNHG3,c-Myc
SNHG15,c-Myc
CircEYA3,c-Myc
circSLIT2,c-Myc
CircGNG4,c-myc
UBAP2,c-Myc
NEAT1,c-Myc
LINC01094,c-Myc
MALAT1,CNR1
circ-0005105,COL11A1
Circ_001209,COL12A1
H19,COL1A1
TUG1,COL1A1
lncRNA-F630028O10Rik,COL1A1
Lnc-408,COL1A1
LIFR-AS1,COL1A2
RP11-81H3.2,COL2A1
H19,COL3A1
MSC-AS1,COL4A
H19,COL5A2
SNHG5,COMMD1
UCA1,COTL1
GAS5,COX2
COX-2,COX2
HULC,COX2
RNA transcripts that overlap the cyclooxygenase-2 (COX-2) promoter,COX2
LINC00461,COX2
NEAT1,COX2
UCA1,COX6B2
CASC2,CPEB1
CASC2c,CPEB1
circRNA_002581,CPEB1
CCAT1,CPEB2
TUG1,CPEB2
Circ_0077210,CPEB3
MSC-AS1,CPEB4
RP11-396F22.1,CPNE8
AGAP2-AS1,CPT1
LINC01816,CRABP2
Circ_0114428,CRBN
HULC,CREB
UCA1,CREB
UCA1,CREB1
MALAT1,CREB1
MTORT1,CREB1
BLACAT1,CREB1
Circ_002631,CREB1
IGF2-AS,CREB1
bFaar,CREB1
Gas5,CREB5
HOTAIR,CREBBP
PCAT-1,CRKL
SNHG12,CRKL
SNHG1,CST3
NEAT1,CTBP2
PVT1,CTGF
MIAT,CTGF
LINC00858,CTGF
SNHG5,CTGF
CTNNAP1,CTNNA1
CTNNAP1,CTNNA1 
CTNNAP1,CTNNAP1
CRNDE,CTNNB1
DANCR,CTNNB1
H19,CTNNB1
LEXIS,CTNNB1
lincRNA-p21,CTNNB1
lncRNA-ATB,CTNNB1
NEAT1,CTNNB1
p21,CTNNB1
PVT1,CTNNB1
SNHG7,CTNNB1
LINC01006,CTNNB1
CR594175,CTNNB1
SNHG11,CTNNB1
TUG1,CTNNB1
circRNA_0001859,Ctnnb1
LINC00882,CTNNB1
KCNQ1OT1,CTNND1
Circ_0000043,CTNND1
NEAT1,CTR1
OIP5-AS1,CTRP3
Lnc-CTSLP8,CTSL1
HEIH,CTTNBP2
BCYRN1,CUEDC2
LINC00997,CUL2
DLX6-AS1,Cul4A
TP73-AS1,CUL4B
SNHG12,CUL4B
hsa_circ_0024108,CX3CR1
PSICX43,CX43
Circ_0077755,Cx43
HOTAIR,Cx43
CircAKT3,CX43
LINC00943,CXCL12
SNHG17,CXCL12
SNHG1,CXCL12
HOTAIR,CXCL12
PVT1,CXCL13
EYA1,CXCL14
Gpr137b-ps,CXCL14
DLX6-AS1,CXCL17
ACTA2-AS1,CXCL2
CircCTNNA1,CXCL5
LBX2-AS1,CXCL5
hsa_circ_0025721,CXCL8
RP11-1094M14.8,CXCL9
hsa_circ_0035292,CXCR1
MALAT1,CXCR2
GAS5,CXCR4
H19,CXCR4
HULC,CXCR4
MALAT1,CXCR4
UCA1,CXCR4
XIST,CXCR4
HOTAIR,CXCR4
DLEU1,CXCR4
HILAR,CXCR4
ABCB10,CXCR4
DUXAP8,CXCR4
PVT1,CXCR5
EWSAT1,Cyclin D1
hsa_circ_0013958,cyclin D1
circDPP4,cyclin D1
uc003pxg.1,cyclin D1
LINC01094,cyclin D1
RMRP,Cyclin D2
SNHG7,Cyclin-D1
CCAT1,Cyclin-D1
DLEU2,Cyclin-D1
EWSAT1,Cyclin-D1
FGFR3-AS,Cyclin-D1
NLC1-C,Cyclin-D1
RMRP,Cyclin-D2
DLEU2,Cyclin-E1
LINC01667,Cyclin-E1
TTN-AS1,Cyclin-E1
HOTAIR,Cyclin-J
UCA1,CYP1B1
GAS5,CYP2C8
CYP4Z2P,CYP4Z1
CYP4Z2P ,CYP4Z1
Neat1,CYTH3
SNHG15,DAAM1
LINC01006,DAAM1
circ_008913,DAB2IP
H1FX-AS1,DACT1
RPPH1,DAM10
ST8SIA6-AS1,DCAF4L2
NRP1,DCBLD2
SNHG1,DCLK1
FDNCR,DCN
WFDC21P,DCP2
DDAH1-V3,DDAH1
CircRUNX1,DDHD2
C2dat2,DDIT4
SNHG20,DDX49
MIAT,DDX5
FGD5-AS1,DDX5
PWRN2,DDX5
MSC-AS1,DDX5
circEGFR,DDX5
SNHG14,DDX5
CASC19,DDX6
SOX2OT,DEK
MIAT,DERL1
MIAT,Derlin-1
TUSC7,DESC1
HOTAIR,DHX33
H19,DICER
HOST2,DICER
LINC01515,DICER1
circARL15,DISC1
Linc-PINT,DKK1
MALAT1,DLL1
circPVT1,DLL4
HCG18,DNAJB12
NEAT1,DNA-PKcs
SPINT1-AS1,DNM3OS
GIHCG,DNMT1
H19,DNMT1
hsa_circ_0012919,DNMT1
LUCAT1,DNMT1
MALAT1,DNMT1
MEG3,DNMT1
NEAT1,DNMT1
CircRNA-0006896,DNMT1
HOTAIR,DNMT1
PART1,DNMT3A
HIF1A-AS2,DNMT3A
HCP5,DNMT3A
circ_SEC24A,DNMT3A
HIF1A-AS2,DNMT3A 
CTDP1,DNMT3B
H19,DNMT3B
MEG3,DNMT3B
MYLK,DNMT3B
CTA,DOX
SOX2-OT,DP5
HOTAIRM1,DRAM2
KCNQ1OT1,DRAM2
AKR7L,DRD5
BC040587,DRD5
DQ192290,DRD5
NEAT1,DRP1
MALAT1,DUSP1
CES4,DUSP2
CircRNA-17828,DUSP6
MIAT,DUSP7
BLACAT1,DVL3
TTTY15,DVL3
LINC00511,DVL3
CRNDE,E2F1
H19,E2F1
HOTAIRM1,E2F1
HOXA11-AS,E2F1
HULC,E2F1
lncRNA-FER1L4,E2F1
MALAT1,E2F1
miR-18 GFP sponge(pcDNA5-CMV-d2eGFP vector),E2F1
miR-20 GFP sponge(pcDNA5-CMV-d2eGFP vector),E2F1
PHLANT-miR-20a,E2F1
pH1ant-miR-20a,E2F1
HLA-F-AS1,E2F1
SNHG6,E2F1
Lnc-APUE,E2F1
LINC00662,E2F1
SBF2-AS1,E2F1
SNHG16,E2F1
ERICD,E2F1
circPVT1,E2F2
LBX2-AS1,E2F2
PRR34-AS1,E2F2
circ_RPPH1,E2F2
RCAT1,E2F2
circ_0008039,E2F3
CRNDE,E2F3
E2F3P1,E2F3
H19,E2F3
MEG3,E2F3
NEAT1,E2F3
PVT1,E2F3
SNHG1,E2F3
XIST,E2F3
hsa_circ_0008934,E2F3
SNHG20,E2F3
CircCDR1as,E2F3
Circ-PRKCI,E2F3
CircAGAP1,E2F3
FOXD2-AS1,E2F3
LINC00857,E2F3
AFAP1-AS1,E2F3
MIAT,E2F3
SNHG22,E2F3
FOXC2-AS1,E2F3
MCM3AP-AS1,E2F3
CRNDE,E2F3 
MIR497HG,E2F4
circ_001569,E2F5
miR-20 GFP sponge(pcDNA5-CMV-d2eGFP vector),E2F5
SNHG15,E2F5
SNHG16,E2F5
MALAT1,E2F5
LINC00607,E2F6
COX10-AS1,E2F6
SLC9A3-AS1,E2F6
SNHG6,E2F7
SNHG19,E2F7
Circ-AASDH,E2F7
CASC19,E2F7
MYLK-AS1,E2F7
CCS,E2F7
HOXD-AS1,E2F8
GAS5,E4BP4
hsa_circ_0024108,EAG1
HOTAIR,E-cadherin
MEG3,E-cadherin
MALAT1,E-cadherin
p21,E-cadherin
TUG1,E-cadherin
CircPTK2,E-cadherin
GAS5,E-cadherin
TPT1-AS1,ECM1
XIST,EDEM1
TGFB2-AS1,EDNRB
RBM5-AS1,EED
Circ_0032822,EF3
AFAP1-AS1,EGFR
CDR1as,EGFR
H19,EGFR
HBx,EGFR
HOTAIR,EGFR
MALAT1,EGFR
PVT1,EGFR
TUSC7,EGFR
UCA1,EGFR
XIST,EGFR
LncZEB1-AS1,EGFR
STAT3,EGFR
LncUBE2R2-AS1,EGFR
Circ_0089153,EGFR
KCNQ1,EGFR
Circ-0079593,EGFR
CircMTO1,EGFR
CircHBEGF,EGFR
MEG3,EGFR
TINCR,EGFR
CASC9,EGFR
EGFR-AS1,EGFR
LINC00240,EGFR
TRPM2-AS,EGFR
H19,EGR1
HMGA1P7,EGR1
PVT1,EGR1
GAS5,EGR1
AF113014,EGR2
H19,EIF3A
MCM3AP-AS1,EIF4E
UCA1,EIF4G1
SNHG12,EIF5A
OGFRP1,EIF5A
GSEC,EIF5A2
TUG1,EIF5A2
MALAT1,ELAVL1
BCAR4,ELAVL1
SNHG17,ELF1
PCAT7,ELF2
PVT1,ELF4
H19,ELF5
ENST00000609755.1,ELK1
LINC00662,ELK3
HCG11,ELK4
TUG1,ELN
Xist,Eln
MIR31HG,EMP1
NEAT1,EMP2
CircST6GALNAC6,EMT
LOC146880,ENO1
ZFAS1,ENO2
CircCOL5A1,EPAC1
LINC00052,EPB41L3
lnc-MMP2-2,EPB41L5
SDCBP2-AS1,EPDR1
RSU1P2,EPHA4
TUSC7,EPHA4
GAS5,EPHA4
KCNQ1OT1,EphA7
RP11-838N2.4,EPHA8
MALAT1,ERA
DANCR,ERBB2
TMPO-AS1,ERBB2
hsa_circ_0012673,ERBB3
AK020546,ERBB3
AC016405.3,ERBB3
LINC00052,ERBB4
LINC00152,ERBB4
UCA1,ERBB4
EGOT,ERBB4
Circ_0084927,ERC1
HBx,ERK
MALAT1,ERK
MEG3,ERK
MIAT,ERK
LNC00115,ERK
LINC00473,ERK
PDGF,ERK1
DGCR5,ERK1
PDGF,ERK2
DGCR5,ERK2
SNHG17,ERLIN2
MEG3,ERP29
NLC1-C,ERRR
NEAT1,ESRA
LNA-anti-miR-326,ETS1
LV-ets-1-3UTR-MRE,ETS1
MIR31HG,ETS1
AFAP-AS1,ETS1
LINC01426,ETS1
ZEB1-AS1,ETS1
MALAT1,ETS1
DLEU2,ETS2
PCGEM1,ETV1
hsa_circ_0001666,ETV4
AK015322,ETV5
HCG18,ETV5
CircRNA_0068481,EYA3
CircGNG4,EYA3
HOTTIP,EZH1
circ100284,EZH2
GIHCG,EZH2
H19,EZH2
HEIH,EZH2
HOTAIR,EZH2
HOXA11-AS,EZH2
HOXD-AS1,EZH2
hsa_circ_0020123,EZH2
ILF3-AS1,EZH2
LINC00319,EZH2
MALAT1,EZH2
MINCR,EZH2
NEAT1,EZH2
PVT1,EZH2
SPRY4-IT1,EZH2
TUG1,EZH2
XIST,EZH2
SNHG1,EZH2
CCDC26,EZH2
DLGAP1-AS1,EZH2
ABHD11-AS1,EZH2
SChLAP1,EZH2
SNHG7,EZH2
RBM5-AS1,EZH2
Circ_ 0115744,EZH2
HAS2-AS1,EZH2
SNHG6,EZH2
UPK1A-AS1,EZH2
FERRE,EZH2
MYLK-AS1,EZH2
HCP5,EZH2
circRNA_0082835,EZH2
H19,FADD
SNHG7,FAIM2
PDGF,FAK
RASGRF2,FAK
CDR1as,FAK1
FAM83A-AS1,FAM83A
AK048794,FAM91A1
LINC00152,FAS
STARD13,FAS
MALAT1,FAS
miR-15a-16-1 sponge,FASN
miR-497-195 sponge,FASN
PVT1,FASN
circ_FBLIM1,FBLIM1
GAS5,FBLN2
H19,FBN1
SNHG10,FBXL19
EWSAT1,FBXL20
Circ-RBMS1,FBXO11
MALAT1,FBXW7
MT1JP,FBXW7
TINCR,FBXW7
CASC2,FBXW7
CASC2,FBXW7 
TINCR,FBXW7 
LINC00152,FEZF1
SBF2-AS1,FGF
HOTAIR,FGF1
TUG1,FGF1
FGF14-AS2,FGF14
CRNDE,FGF2
PVT1,FGF2
SNHG1,FGF2
HOXD-AS1,FGF2
ANRIL,FGF2
TUG1,FGF5
BCRT1,FGF7
Linc-ROR,FGF7
CircCCND1,FGF9
NEAT1,FGF9
GFP-sponge16,FGFR1
UCA1,FGFR1
PVT1,FGFR1
CERS6-AS1,FGFR1
TUG1,FGFR1
MEG3,FGFR2
ASNR,FGFR2
CCAT1,FGFR3
DLX6-AS1,FHL2
CASC2,FIH1
FTH1P3,fizzled5
FOXD3-AS1,FJX1
AFAP1-AS1,FKBP1A
HOTAIR,FLOT1
A1BG-AS1,FLOT1
NEAT1,FLT1
circ_001569,FMNL2
RMRP,FMNL2
LINC01013,FMNL3
LINC00963,FN1
AFF4,FNDC5
NEAT1,FOS
NEAT1,FOXA1
HOTAIR,FOXC1
SNHG6,FOXC1
XIST,FOXC1
HCG18,FOXC1
LINC01929,FOXC1
MCM3AP-AS1,FOXC1
FENDRR,FOXC2
CYTOR,FOXD1
NORAD,FOXD1
FOXD1-AS1,FOXD1
HCG11,FOXF1
ADAMTS9-AS2,FOXF2
MCM3AP-AS1,FOXF2
GAS5,FOXG1
TMPO-AS1,FOXK1
SNHG1,FOXK1
XIST,FOXK1
SNHG7,FOXK2
CircHIPK3,FOXK2
CCAT2,FOXM1
H19,FOXM1
hsa_circ_0036722,FOXM1
miR-802 sponge,FOXM1
UCA1,FOXM1
MCF2L-AS1,FOXM1
MIAT,FOXM1
OIP5-AS1,FOXM1
MYCNOS,FOXM1
MNX1-AS1,FOXM1
hsa_circ_0042823,FOXM1
DUXAP8,FOXM1
PTTG3P,FOXM1
PVT1,FOXM1
OSER1-AS1,FOXM1
CircRIP2,FOXM1
circCCDC66,FOXM1
HSURs1,FOXO1
HSURs2,FOXO1
LINC01619,FOXO1
lncRNA-POIR,FOXO1
lncRNA-POIR ,FOXO1
MEG3,FOXO1
POIR,FOXO1
ADAMTS9-AS2,FOXO1
NEAT1,FOXO1
CTBP1-AS2,FOXO1
PVT1,FOXO1
TTTY15,FOXO1
CircUBAP2,FOXO1
XIST,FOXO1
circ-Foxo3,FOXO3
FOXO3B,FOXO3
FOXO3P,FOXO3
UCA1,FOXO3
LBX1-AS1,FOXO3
PRR34-AS1,FOXO3
H19,FOXO3
MEG3,FOXO4
MALAT1,FOXP1
MIR99AHG,FOXP1
hsa_circ_104566,FOXP1
LINC01116,FOXP1
NEAT1,FOXP1
MALAT1,FOXP2
AGAP2-AS1,FOXP2
MEG3,FOXP3
CCAT1,FOXP3
Circ-0000212,FOXP4
LINC00858,FOXP4
MALAT1,FOXQ1
LINC00667,FOXQ1
LINC00520,FOXR2
HOTTIP,FRK
Linc00887,FRMD6
SNHG6,FRS2
NEAT1,FRS2
lincRNA-RoR,FSCN1
ROR,FSCN1
TTN-AS1,FSCN1
UCA1,FSCN1
XIAP,FSCN1
LOC146880,FSCN1
PRNCR1,FSCN1
circ_0099999,FSCN1
PVT1,FSTL1
HOXA11-AS,FSTL1
ZFAS1,FSTL1
SNHG14,FSTL-1
FTH1 pseudogenes,FTH1
SNHG1,FTMT
hsa_circ_0072309,FTO
hsa_circ_0036877,FURIN
NEAT1,FUS
HOTAIR,FUS1
CircPARP4,FUT4
CircSND1,FUT6
SNHG1,FUT8
LINC00942,FZD1
miR-31 sponge,FZD3
SNHG10,FZD3
LINC00665,FZD3
circ_100290,FZD4
circHIPK,FZD4
HOXD-AS1,FZD4
SNHG1,FZD4
SNHG5,FZD4
Zeb1,FZD4
FTH1P3,FZD5
DSCR8,FZD7
HOTAIR,FZD7
hsa_circ_0049055,FZD8
Circ_0119872,G3BP1
LINC00242,G6PD
circ_CDK14,GAB1
circDHTKD1,GAB1
SNHG7,GALNT1
SNHG16,GALNT1
DLGAP1-AS2,GALNT10
Circ_0003865,GAS1
H19,GATA2
hsa_circ_0044234,GATA3
MIR100HG,GATA6
GATA6-AS1,GATA6
GBAP1,GBA
ZFPM2-AS1,GDF10
PGM5-AS1,GDF10
LINC01116,GDF11
AKR7L,GDF5
BC040587,GDF5
DQ192290,GDF5
CDKN2B-AS1,GDNF
HCG11,GFI1
LINC00675,GFI1
PCGEM1,GFP
circ_GFRA1,GFRA1
circGFRA1,GFRA1
LINC00210,GFRA1
CircAgtpbp1,GH
TRPM2-AS,GINS2
XIST,GINS2
H19,GIT2
CAR10,GJB2
MONC,GLCE
LINC01123,Gli1
MALAT1,GLI2
circCD151,GLI2
HBx,GLOBOH
CircARFGEF1,GLRX3
CCDC26,GLRX5
HOTAIR,GLS
Circ_0000003,GLS
UCA1,GLS2
CircPVT1,GLUT1
lenti-decoy 133,GLUT4
PAX8-AS1,GNB1
CDR1as,GNG7
LINC00992,GOLM1
NR2F1-AS1,GOLM1
TP73-AS1,GOLM1
LINC01977,GOLM1
PCAT19,GOLM1
LINC01194,GOLPH3
CircRNA_103809,GOT1
MSC-AS1,GPAM
HOTAIR,GPER
MALAT1,GPNMB
DSCAM-AS1,GPRC5A
VPS9D1-AS1,GPX1
MALAT1,GRB2
CircRNA_0007534,GREM1
DNM3OS,GREM2
CircASXL1,GRIK3
LINC00665,GRP78
LYRM4-AS1,GRPR
MEG3,GSDMD
AC023115.3,GSK3B
LINC00675,GSK3B
H19,GSK-3B
AC023115.3,GSK3B-MCL1
SNHG5,H3F3B
DRAIC,H3K4me3
MALAT1,H9C2
Circ_0004913,HAMP
Circ_0002951,HAS2
AL139002.1,HAV
CircRNA_30032,HBEGF
lincRNA-RoR,HCT8
H19,HDAC
HOTAIR,HDAC1
kcnq1ot1,HDAC3
MALAT1,HDAC4
GAS5,HDAC4
PTPRG-AS1,HDAC4
RGMB-AS1,HDAC4
MEG3,HDAC7
OIP5-AS1,HDAC7
HCP5,HDAC9
CircMYH9,HDGF
HEIH,HDGF
hsa_circ_0079480,HDGF
AFAP1-AS1,HDGF
LIPE-AS1,HDGF
SNHG12,HEG1
HOTAIR,HER
H19,HER2
HOTAIR,HER2
linc01184,HER2
CCMAlnc,HES6
PRNCR1,HEY2
LINC00240,HGF
CASC21,HGH1
LINC00152,HIF1
HOTAIR,HIF1
ANRIL,HIF-1
CircRNA_103801,HIF-1
HIF1A-AS2,HIF1A
HOTAIR ,HIF1A
LINC00152,HIF1A
PVT1,HIF1A
UCA1,HIF1A
HOTAIR,HIF1A
LINC00301,HIF1A
PCED1B-AS1,HIF1A
Circ_03955,HIF1A
LINC00518,HIF1A
JPX,HIF1A
ERBIN,HIF1A
LINC01126,HIF1A
NUTM2A-AS1,HIF1A
NEAT1,HIF1A
CircASXL1,HIF1A
ENTPD3-AS1,HIF1A
TMEM161B-AS1,HIF1AN
MALAT1,HIF2A
LEF1-AS1,HIGD1A
SNHG14,HIPK1
LINC00261,HIPK2
lncRNA-FER1L4,HIPK3
MIR17HG,HK1
PVT1,HK2
UCA1,HK2
UCC,HK2
TUG1,HK2
DUXAP8,HK2
lncARSR,HK2
LINC01410,HK2
RNCR2,HK2
CircBFAR,HK2
C1QTNF1-AS1,HK2
NR2F1-AS1,HK2
ZFAS1,HK2
CircPVT1,HK2
DLEU2,HK2
HOTAIR,HLAG
MIAT,HLEC
H19,HMAG2
H19,HMGA1
CCAT1,HMGA1
MALAT1,HMGA1
TTN-AS1,HMGA1
CERS6-AS1,HMGA1
Circ_0067835,HMGA1
VPS9D1-AS1,HMGA1
Circ_0005909,HMGA1
HCP5,HMGA1
ITGB2-AS1,HMGA1
HSPB1P1,HMGA1
CCAT1,HMGA2
HOST2,HMGA2
HOTAIR,HMGA2
LINC00152,HMGA2
LKR13-Tet-On-KRAB-TE-let-7g,HMGA2
NEAT1,HMGA2
H19,HMGA2
ANRIL,HMGA2
DANCR,HMGA2
MALAT1,HMGA2
SChLAP1,HMGA2
HCP5,HMGA2
CCDC144NL-AS1,HMGA2
LINC00466,HMGA2
HOTTIP,HMGA2
hsa_circ_0008274,HMGA2
MALAT1,HMGB1
PCAT-1,HMGB1
TP73-AS1,HMGB1
UCA1,HMGB1
ZEB2-AS1,HMGB1
HOTAIR,HMGB1
LINC00501,HMGB1
GAS5,HMGB1
PVT1,HMGB1
H19,HMGB1
C3orf35,HMGB1
DARS-AS1,HMGB1
HCP5,HMGB1
MEG3,HMGB1
OIP5-AS1,HMGB1
MIR3142HG,HMGB1
MALAT1,HMGB2
NEAT1,HMGB2
RP11-301G19.1,HMGB2
CASC15,HMGB2
CircEPSTI1,HMGB3
LINC00504,HMGB3
NOP14-AS1,HMGB3
OIP5-AS1,HMGB3
SNHG16,HMGB3
SOX2-OT,HMGB3
circ-TTBK2,HNF1B
HULC,HNF4G
H19,HNRNP
CCAT1,HNRNPA1
XIST,HNRNPA1
SOX2-OT,HNRNPA2B1
PCAT6,HNRNPA2B1
NONHSAG007671,HOPX
GPER,HOTAIR
HOTAIRM1,HOXA
HOTTIP,HOXA
CCAT1,HOXA1
HOTAIRM1,HOXA1
AFAP1-AS1,HOXA1
LINC01089,HOXA10
LINC00461,HOXA10
CircCSNK1G3,HOXA10
SNHG3,HOXA10
PSMA3-AS1,HOXA10
HOTTIP,HOXA13
UCA1,HOXA13
UBA6-AS1,HOXA2
MIR503HG,HOXA9
Circ_0038383,HOXA9
CCAT1,HOXB13
LincIN,HOXB13
SNHG8,HOXB7
HOTAIR,HOXB8
LINC01116,HOXB8
HOXC13-AS,HOXC13
MALAT1,HOXC4
antagomir-10b,HOXD10
HOTAIR,HOXD10
miR-10 sponge,HOXD10
HOTAIR,HPV16 E7
CircCA12,HRAS
CircNR3C2,HRD1
TUG1,HSF2
DANCR,HSP27
NONHSAT079852.2,HSPA1A
AK148321,HSPA5
LINC00963,HSPA8
LOXL1-AS1,HSPA9
BC032469,hTERT
H19,HuR
HOTAIR,HuR
linc-MD1,HuR
NEAT1,HuR
OIP5-AS1,HuR
UFC1,HUR
CircPVT1,HuR
lnc-HZ02,HuR
MALAT1,IAPs
H19,iASPP
MALAT1,IASPP
UCA1,iASPP
XIST,IASPP
MIAT,ICAM1
hsa_circ_0024108,ICAM1
SNHG15,ICAM1
NEAT1,ICAM1
SVIL-AS1,ICE1
H19,ID2
SNHG7,ID4
miR-23 sponge,IDH1
MEG3,IDO1
MEG3,IDO2
CircUBAP2,IFIT1
LINC00161,IFIT2
CircUBAP2,IFIT3
IFITM4P,IFITM1
IFITM4P,IFITM2
IFITM4P,IFITM3
SNHG1,IFNGR1
H19,IGF1
MHENCR,IGF1
miR-483 sponge,IGF1
Neat1,IGF1
CASC2,IGF1
CDR1as,IGF1R
H19,IGF1R
lnc133b,IGF1R
MALAT1,IGF1R
RAP1B,IGF1R
RPPH1,IGF1R
RSU1P2,IGF1R
UCC,IGF1R
hsa_circ_0002577,IGF1R
DUXAP8,IGF1R
hsa_circ_0006168,IGF1R
AFAP1-AS1,IGF1R
MIAT,IGF1R
CircRILPL1,IGF1R
KCNQ1OT1,IGF1R
DBH-AS1,IGF1R
SNHG12,IGF1R
ANRIL,IGF1R
LINC01291,IGF1R
SNHG11,IGF1R
GM15290,IGF2
H19,IGF2
HOTAIR,IGF2
lncMD,IGF2
lnc-mg,IGF2
IGF2-AS,IGF2
SNHG12,IGF2
PCAT6,IGF2BP1
LINC00689,IGF2BP1
Lnc-ORA,IGF2BP2
OIP5-AS1,IGF2BP2
MALAT1,IGF2BP2
CCAT2,IGF2BP2
MSC-AS1,IGF2BP2
KCNMB2-AS1,IGF2BP3
IGF1R,IGFBP2
MEG3,IGFBP2
Vi4,IGFBP3
TUG1,IGFBP5
lnc-MKI67IP-3,IKBB
LINC00473,IKKA
ATB,IL1
lncRNA-FER1L4,IL10
MEG3,IL10
CASC7,IL11
MIAT,IL1B
TUG1,IL1B
HIX003209,IL1B
NEAT1,IL33
H19,IL6
HULC,IL6
LINC00460,IL6
mmu_circRNA_007893,IL6
HIX003209,IL6
IL6-AS1,IL6
OGFRP1,IL6
circ_0009910,IL6R
MALAT1,IL6ST
H19,IL8
MIR143HG,ILK
PBCAS4,ILL7RD
UCA1,IMP1
HOST2,IMP3
CASC7,ING3
IGF1R,INHA
MEG3,INHA
lnc-NOS2P3,iNOS
RAET1K,INPP4B
bFaar,INS2
H19,INSR
RNF185-AS1,IntegrinB5
PDCD4-AS1,IQGAP2
LINC00960,IRAK1
NLC1-C,IRF1
PVT1-214,IRF1
TapSAKI,IRF3
linc-223,IRF4
AFF4,IRISIN
CRNDE,IRS1
SOX21-AS1,IRS2
H19,ISM1
cir-ITCH,ITCH
hsa_circ_0043256,ITCH
FEZF1-AS1,ITGA11
SLC25A25-AS1,ITGA2
Lnc-STYK1-2,ITGA2
UBE2CP3,ITGA2
NEAT1,ITGA3
ITGB8-AS1,ITGA3
miR-31 sponge,ITGA5
EWSAT1,ITGA5
NEAT1,ITGA5
OIP5-AS1,ITGA6
SNHG16,ITGA6
PRR34-AS1,ITGA6
circFAT1,ITGA6
HOXA11-AS,ITGA9
MSC-AS1,ITGAV
CTDP1,ITGB1
H19,ITGB1
MALAT1,ITGB1
MYLK,ITGB1
ZFPM2-AS1,ITGB1
NR2F1-AS1,ITGB1
Lnc-408,ITGB1
XIST,ITGB1
TTN-AS1,ITGB1
LINC01272,ITGB2
ITGB8-AS1,ITGB3
HULC,ITGB8
CCAT1,ITPKB
GFP-sponge16,JAG1
MALAT1,JAG1
HILAR,JAG1
DARS-AS1,JAG1
NEAT1,JAG1
CA9,JAGGED1
HULC,JAK
UCA1,JAK
MAP3K20,JAK2
TTTY15,JAK2
SNHG6,JAK2
XIST,JAK2
Circ_0072088,JAK2
ANRIL,JAK2
BC037916,JAK2
RHPN1-AS1,JAK2
SNHG1,JAK2
NEAT1,JAK3
TP73-AS1,JAMA
eGFP-miR-155 sponge,JARID2
circPTK2,JAZF1
AAV9,JNK1
CBR3-AS1,JNK1
HOXA11-AS,JPT1
GFP-sponge16,JUN
lincRNA-p21,JUNB
HOTAIR,JUP
CASC2,KANK1
miR-92 sponge,KCC2
LINC01535,KCNC4
FAM66C,KCND2
POU6F2-AS1,KCNJ4
Gas5,KCNK3
NEAT1,KCT
UCA1,KCTD20
LINC01278,KDM2A
SNHG4,KDM3A
MALAT1,KDM5B
LBX2-AS1,KDM5C
linc-NeD125,KDM6A
KRAL,KEAP1
LINC00152,KI67
CircPKNOX1,KIAA0355
FGD5-AS1,KIAA1522
CYTOR,KIAA1522
H19,KIF1B
UCA1,KIF20A
IGF1R,KIF21B
MEG3,KIF21B
TMPO-AS1,KIF21B
TRG-AS1,KIF21B
BLACAT1,KIF2A
PEG10,KIF2A
LINC00958,KIF2A
lncRNA-GS1-358P8.4,KIF2C
ATB,KINDLIN2
lnc-ATB,KINDLIN2
TUG1,KIT
LOC100129148,KLF12
AGAP2-AS1,KLF12
NEAT1,KLF12
LINC00239,KLF12
Circ_NOTCH3,KLF12
CircNEIL3,KLF12
lenti-decoy 133,KLF15
lncRNA-RNCR3,KLF2
RNCR3,KLF2
ZFAS1,KLF2
H19,KLF4
lincRNA-RoR,KLF4
MALAT1,KLF4
SNHG5,KLF4
SP1,Klf4
TUG1,KLF4
PVT1,KLF4
MEG3,KLF4
XIST,KLF4
circ_VMA21,KLF4
MCM3AP-AS1,KLF5
NORAD,KLF5
OIP5-AS1,KLF5
PVT1,KLF6
XIST,KLF6
LOXL1-AS1,KLF6
ZBED3-AS1,KLF6
HOTAIR,KLF6
DANCR,KLF9
LINC00858,KLK4
IGF2-AS,KLK4
NEAT1,KLK7
LINC00969,KLKP1
LINC01138,KLKP1
SNHG12,KLOTHO
LINC00473,KMT5A
CTU1,KNG1
KIAA1274,KNG1
RAX,KNG1
LINC02418,KNL1
Circ_002631,KPAN6
HOTTIP,KPNA3
ST7-AS1,KPNA4
LINC00467,KPNA4
ATB,KRAS
KRASP1,KRAS
MALAT1,KRAS
MIR31HG,KRAS
NUTF2P3-001,KRAS
RMRP,KRAS
UCC,KRAS
LINC00514,KRAS
BCYRN1,KRAS
hsa_circ_0069767,KRAS
CircRNA_072697,KRAS
CircRNA_30032,KRAS
LINC01278,KRAS
circPUS7,KRAS
CircCA12,KRAS
HCP5,KYNU
XIST,L1CAM
CHRF,L1CAM
RP11-909B2.1,L3MBTL1
hsa_circ_0000277,LAMA1
Circ-RANBP9,LAMA2
SNHG6,LAMC1
LINC00511,LAMC2
CTBP,LAMP2
Circ_0075829,LAMTOR3
LAMTOR5-AS1,LAMTOR5
HCAL,LAPTM4B
TP73-AS1,LAPTM4B
TGFB2-OT1,LARP1
LINC01969,LARP1
PVT1,LASP1
SNHG16,LASP1
DANCR,LASP1
NEAT1,LASP1
H19,LASP1
HOTTIP,LASP1
circNEURL4,LATS1
miR-135b sponge,LATS2
miR-497 sponge,LC3BII
SNHG3,LCMX1B
H19,LD
RAET1K,LDHA
DUXAP9,LDHA
Circ-CNST,LDHA
NEAT1,LDHA
HOXB-AS3,LDHA
SNHG7,LDHA
CircPVT1,LDHA
circSLIT2,LDHA
circ-PDCD11,LDHA
TUG1,LDHA
miR-23 sponge,LE1
LncRNA-599547,LEF1
MSC-AS1,LEF1
LINC01123,LF5
GAS5,LHPP
MALAT1,LIF
SNHG11,LIF
CircLDB2,LIMCH1
H19,LIMK1
Lnc-408,LIMK1
Circ-Zfp644,LIMK1
FOXD3-AS1,LIMK1
H19,LIN28
LINC00473,LITAF
LINC00662,LMAN2L
circ-CHI3L1.2,LPAATb
SNHG14,LPS
Circ_0068,LPS
Circ_888,LPS
Circ-KEL,LRG1
LUCAT1,LRP1
XIST,LRRK2
HOXA11-AS,LSD1
CDR1as,LSH
Circ_0025033,LSM4
NEAT1,LTB4R1
HOXA-AS3,LTBR
OGFRP1,LYPD3
miR-135b sponge,LZTS1
PGM5P4-AS1,LZTS3
circ_PDE8A,MACC1
XIST,MACC1
XIST ,MACC1
LINC00885,MACC1
FGD5-AS1,MACC1
DDX11-AS1,MACC1
LINC00519,MACC1
RAMP2-AS1,MACF1
Circ_0000429,MADD
LINC00284,MAFG
ST8SIA6-AS1,MAGEA3
MALAT1,MAGEA9
TMEM220-AS1,MAGI1
GLIDR,MAGI2
ST8SIA6-AS1,MAL2
RBM24,MALAT1
linc-MD1,MAML1
LINC01152,MAML2
Linc02381,MAP2K3
HNF1A-AS1,MAP2K4
NEAT1,MAP2K6
NEAT1,MAP3K1
LINC01287,MAP3K13
HCP5,MAP3K2
NR2F1-As1,MAP3K2
XIST,MAP3K3
DNM3OS,MAP3K3
LINC00665,MAP4K3
LINC01857,MAP4K4
MALAT1,MAPK
LINC00473,MAPK
LIPE-AS1,MAPK
LINC01126,MAPK
FUT8-AS1,MAPK
DANCR,MAPK
HOTAIR,MAPK1
XIST,MAPK1
NEAT1,MAPK1
SNHG16,MAPK1
SNHG1,MAPK1
circZFR,MAPK1
LINC00636,MAPK1
XIST,MAPK1 
NEAT1,MAPK14
XIST,MAPK14
NEAT1,MAPK6
GAS6-AS2,MAPK6
PVT1,MAPK8
SETD3,MAPRE1
Circ_0000337,MAT2A
Circ_0044516,MAT2A
LINC00176,MAX
PlncRNA1,MAZ
miR-134 sponge,MBD3
LINC00152,MCL1
MALAT1,MCL1
MIR31HG,MCL1
NEAT1,MCL1
INHBA-AS1,MCL1
SNHG14,MCL1
SNHG20,MCL1
XIST,MCL1
ZFAS1,MCL1
HOXA10,MCL1
FTX,MCM2
DLEU2,MCM5
CRNDE,MCM5
SNHG16,MCP1
LncRNA-H19,MCP1
MEG3,MDK
PWRN1,MDM2
FOXD3-AS1,MDM2
LINC01116,MDM2
Circ_0002874,MDM2
NEAT1,MDM2
TUG1,MDM2
circ_0080229,MDM2
HCG11,MDM2
GFP-sponge16,MDM4
HOTAIR,MDM4
LUCAT1,MDR1
MEG3,MDR1
TUSC7,MDR1
UCA1,MDR1
miR-155 sponge,MECP2
miR-802 sponge,MECP2
HAGLR,MECP2
LINC00339,MED19
MIR155HG,MEF2A
MALAT1,MEF2A
linc-MD1,MEF2C
PVT1,MEF2C
TUG1,MEF2C
D63785,MEF2D
ILF3-AS1,MEIS2
DGCR5,MEK
CBR3-AS1,MEK4
LncRNA-ATB,MEKK2
PCAT19,MELK
PCDHB17P,MELK
FLVCR1-AS1,MET
H19,MET
HOTAIR,MET
KCNQ1OT1,MET
HULC,MET
HCP5,MET
BLACAT2,METTL3
ARL3,METTL3
Circ_0007841,MEX3C
MALAT1,MFN1
PLSCR4,MFN2
SNHG16,MFN2
POU3F3,MGMT
anti-miR-BART2-5p-sponge,MICB
anti-miR-K12-7-sponge,MICB
MEG3,MIF
RBM24,MIR143HG
CircRasGEF1B,MITA
SNH12,MLK3
SNHG12,MLK3
MEG3,MLLT1
Circ-140,MMP1
TUG1,MMP10
CTBP1-AS2,MMP11
circRNA-CER,MMP13
lncRNA-CIR,MMP13
MALAT1,MMP13
HCG11,MMP13
TUG1,MMP13
LINC00339,MMP14
MALAT1,MMP14
UCA1,MMP14
UVA1,MMP14
ZFAS1,MMP14
TP73-AS1,MMP14
H19,MMP14
ZFAS1,MMP15
miR-31 sponge,MMP16
ZFAS1,MMP16
BCYRN1,MMP2
circ_0005015,MMP2
circ_104670,MMP2
HOXD-AS1,MMP2
hsa_circ_0024108,MMP2
LINC00312,MMP2
LINC00339,MMP2
LOC553103,MMP2
ODRUL,MMP2
PVT1,MMP2
TUG1,MMP2
XLOC_008466,MMP2
Lnc-408,MMP2
LINC01128,MMP2
MIR22HG,MMP2
SNHG14,MMP2
HOTAIR,MMP2
H19,MMP2
LncRSPH9-4,MMP3
TP73-AS1,MMP8
DANCR,MMP9
HERG,MMP9
hsa_circ_0024108,MMP9
LINC00312,MMP9
LINC01296,MMP9
LOC553103,MMP9
PlncRNA1,MMP9
PVT1,MMP9
TUG1,MMP9
PlncRNA-1,MMP9
ciRS-7,MMPs
LINC00909,MRC2
Gm7237,MRF
miR-31 sponge,MRIP
MEG3,MRP1
CircHIPK3,MRP4
LUCAT1,MRP5
LEF1-AS1,MSI1
Circ_0055625,MSI1
MCF2L-AS1,MSI2
CCDC18-AS1,MSI2
SH3BP5-AS1,MSI2
OIP5-AS1,MSI2
TTC28-AS1,MSI2
TMPO-AS1,MSI2
TUG1,MSI2
PAHRF,MST1
MSTO2P,MSTOP2
LINC00261,MT1M
GAS5,MT2A
ELFN1-AS1,MTA1
miR-181-sponge,MTCO1
SNHG1,MTDH
OIP5-AS1,MTDH
TUG1,MTDH
CCAT1,MTF2
TUG1,MTHFD2
CircMCTP2,MTMR3
CDR1as,mTOR
ciRS-7,mTOR
DANCR,mTOR
GAS5,mTOR
SNHG14,mTOR
UCA1,mTOR
KRT17P3,mTOR
PVT1,mTOR
TUG1,mTOR
MALAT1,mTOR
LINC01134,mTORC1
LIFR-AS1,MTUS1
lincRNA-RoR,MUC1
Circ_0001982,MUC19
A2M-AS1,MUC19
AF147447,MUC2
V-139,MYB33
V-139,MYB65
CCAT1,MYC
LINC00176,MYC
LINC00941,MYC
XIST,MYC
LUNAR1,MYCBP
LINC00665,MYCBP
linc-NeD125,MYCN
MYCNOS-01,MYCN
NORAD,MYCN
CHRF,MYD88
NEAT1,MYD88
MRPL23-AS1,MYH9
PART1,MYO5A
SOX21-AS1,MYO6
CDR1as,MYRIP
MRAK081523,N4BP2
MRAK088388,N4BP2
FOXP4-AS1,NACC1
circRHOBTB3,NACC1
WT1-AS,NAMPT
Circ_0072083,NANGO
lincRNA-RoR,NANOG
TGFB2-OT1,NAT8L
SNHG1,NAUK1
HOTAIR,N-cadherin
miR210HG,N-cadherin
BLACAT1,N-cadherin
DLEU2,NCAPG
BANCR,NCF2
LINC00162,NCL
miR-135b sponge,NDR2
CRNDE,NDRG2
RAD51-AS1,NDRG2
LINC01410,NDRG3
BC048612,NEGR1
AdDecoy133,NELFA
SOX2OT,NEUROD1
bFaar,NEUROD1
sponge-182,NEUROD4
sponge-183,NEUROD4
sponge-96,NEUROD4
TTN-AS1,neuropilin-1
H19,NF1
hsa_circ_0024108,NF2
TTN-AS1,NFAT
XIST,NFAT5
SLCO4A1-AS1,NFE2L1
LIFR-AS1,NFIA
PCAT1,NFIB
hsa_circ_0026416,NFIB
LOXL1-AS1,NFIB
MAFG-AS1,NFIX
HOTAIR,NFKB
N340790,NFKB
Linc-KIAA1737-2,NFKB
MIAT,NFKB
CRNDE,NFKB
TUG1,NFKB
Gm28309,NFKB
HOXA11-AS,NFKB
SNHG15,NFKB
Snhg8,NFKB
UCA1,NFKB
HIF1A-AS1,NFKB
NEAT1,NFKB
MEG3,NFKB
BANCR,NFKB1
MAFG-AS1,NFKB1
hsa_circ_IPCEF1,NFkB1
lnc-TLCD2-1,NFkB-P65
MIM169a,NFYA1
MIM169a,NFYA10
MIM169a,NFYA2
MIM169a,NFYA6
OIP5-AS1,NGFR
LINC01554,NGFR
ZFAS1,NKD2
XIST,NLRC5
KCNQ1OT1,NLRP1
hsa_circ_0000520,NLRP3
HOTAIR,NLRP3
TUG1,NLRP3
KCNQ1OT1,NLRP3
MEG3,NLRP3
ZFAS1,NLRP3
HOXA11-AS,NLRP3
PVT1,NLRP3
OIP5-AS1,NLRP3
KCNQ1OT1,NLRP7
NKILA,NLRX1
ANCR,NMT1
RSU1P2,NMYC
ST8SIA6-AS1,NNMT
SNHG1,NOB1
NARL,NOD1
RPPH1,NOD2
GAS5,NODAL
ST8SIA6-AS1,NONO
FAM225A,NONO
MEG8,NOT
HILAR,NOTCH
NEAT1,NOTCH1
HCG18,NOTCH1
ZFPM2-AS1,NOTCH1
XIST,NOTCH1
HOXA-AS3,NOTCH1
RUSC1-AS1,NOTCH1
BANCR,NOTCH2
SNHG12,NOTCH2
LINC00662,NOTCH2
SNHG3,NOTCH2
GABPB1-AS1,NOTCH2
AGAP2-AS1,NOTCH2
LINC01410,NOTCH2
LncRNA-ATB,NOTCH2
CA9,NOTCH3
HOTAIR,NOTCH3
ZFAS1,NOTCH3
MALAT1,NOVA1
RP11-379k17.4,NOXA
NEAT1,NPAS2
LINC00342,NPEPL1
HOTAIR,NPM1
miR-125 sponge,NR2A
CDKN2B-AS1,NR2C2
ADAMTS9-AS2,NR3C1
SOX2OT,NR3C2
LINC-P21,NR3C2
NEAT1,NR4A1
circ_0030586,NR4A3
RP3-439F8.1,NR5A2
NEAT1,NRAS
TRERNA1,NRAS
DANCR,NRAS
FUT8-AS1,NRAS
CircCA12,NRAS
Circ_0020394,NRBP1
NORAD,NRF1
NRAL,NRF2
MALAT1,NRF2
Eif4g2,NRF2
MT1DP,NRF2
Ftx,NRP1
LINC00887,NRP1
XIST,NRP1
RP11-70C1.3,NRP1
HOTAIR,NRP2
XLOC_006390,NRP2
Circ-LDLRAD3,NRP2
MT1DP,NRRF2
MIR31HG,NT5E
LINC00052,NTRK3
LINC00152,NTRK3
Circ_0009172,NTRK3
FGD5-AS1,NUAK2
Circ_001504,NUCB2
LINC00162,NUCLEOLIN
MALAT1,NUMB
MEG3,NUMB1
LINC00887,NUP205
FAL1,NUPR1
FEZF1-AS1,NUPR1
DUXAP8,NUPR1
HIPK3,NUPR1
LINC00173,NUTF2
SNHG14,NWASP
AF119895,NXF3
PlncRNA1,OCEL1
LINC00654,OGFRL1
FBXL19-AS1,OL1A1
XIST,OPN
MIR100HG,OTX1
MAFG-AS1,OTX1
LINC00152,P16
circ-ITCH,P21
circMTO1,P21
circRNA_0007874,P21
circRNA_104135,P21
FGFR3-AS,P21
H19,P21
HOXA11-AS,P21
MALAT1,P21
sh-miR-p21,P21
UCA1,P21
IRAK4,P21
ZNF674-AS1,P21
HCP5,P21
HOTAIR,P21
AC026166.2-001,P27
GAS5,P27
i-lncRNA,P27KIP1
UCA1,P27KIP1
circRAR1,P38
LNCRPA,P38
MEG3,P38
LINC00473,P38
TPTEP1,P38
LINC01503,P4HA1
H19,P53
HNF1A-AS1,P53
HOTAIR,P53
LINC01021,P53
lincRNA-RoR,P53
lnc34A,P53
MEG3,P53
MIR100HG,P53
miR-449 sponge,P53
NRF,P53
PWRN1,P53
ROR,P53
SNHG1,P53
TP73-AS1,P53
TUSC7,P53
UCA1,P53
PVT2,P53
IRAK4,P53
Circ_0089153,P53
cirRNA_0074027,P53
miR143HG,P53
Circ-PGAP3,P53
IUR,P53
LINC00460,P53
Circ_0002874,P53
lnc-HZ04,P53
CASC2,P53
MALAT1,P62
PTENP1,P62
TUG1,P65
CBFB,P66Shc
CDR1as,P70S6K
ciRS-7,P70S6K
SNHG1,P70S6K
MEG3,PABPC4
HOXA11-AS,PADI2
PVT1,PAF
linc00662,PAFAH1B2
COX10-AS1,PAICS
CDR1as,PAK1
LINC01006,PAK2
LINC00665,PAK2
PVT1,PAK3
LINC01088,PAK4
CRNDE,PAK7
lncRNA-FER1L4,PAK7
CRNDE,PAKT
CASC2,PAPD5
H19,PAPPA
XIST,PAPPA
CDR1as,PARP
NEAT1,PARP1
LINC01559,PARP1
HSURs1,PAX3
HSURs2,PAX3
XIST,PAX5
CDR1as,PAX6
MEG3,PAX6
SNHG17,PAX6
FEZF1-AS1,PAX6
MEG3,PBLD
FBXL19-AS1,PBOV1
ANRIL,PBX3
HOXA11-AS,PBX3
LINC00460,PBX3
HCG11,PBX3
GCASPC,PC
PAXIP1-AS1,PCBP2
ZXF1,PCDHA3
HOTAIR,PCNA
MEG3,PCNA
PVT1,PCNA
MALAT1,PCNA1
MALAT1,PCNA1 
GAS5,PDCD4
HuR,PDCD4
LINC01296,PDCD4
MEG3,PDCD4
miR-21 sponge,PDCD4
TuD-miR21-4ntin,PDCD4
XIST,PDCD4
TALNEC2,PDCD4
LINC01018,PDCD4
Circ_0003266,PDCD4
hsa_circ_0053063,PDCD4
miR503HG,PDCD4
HCP5,PDE4A
NEAT1,PDE4B
HOXA11-AS,PDE4D
MALAT1,PDE4D
HOXA-AS3,PDE5A
HOTAIR,PDE7A
CCAT1,PDGFRA
RB1,PDGFRA
RUNX1,PDGFRA
MEG3,PDHB
PCAT6,PDIA6
H19,PDK
TINCR,PDK1
XIST,PDK1
LINC00667,PDK1
LOC100912373,PDK1
SOX2-OT,PDK1
AFAP1-AS1,PDK4
LINC00662,PDK4
CASC2,PDK4
CircKRT1,PDL1
KCNQ1OT1,PDL1
XIST,PDL1
FGD5-AS1,PDL1
LINC00657,PDL1
MEG3,PDL1
PCED1B-AS1,PDL1
MALAT1,PDL1
HIF1A-AS2,PDL1
LINC01503,PDL1
PCED1B-AS1,PDL2
miR221 sponge,PDLIM2
miR222 sponge,PDLIM2
KTN1-AS1,PDPK1
MAFG-AS1,PDX1
hsa_circ_0003340,PDX1
NORAD,PEAK1
GABPB1-IT1,PEDF
SNAI3-AS1,PEG10
UCA1,PFKFB2
UCA1,PFKFB2 
H19,PFKFB3
HLA-F-AS1,PFN1
hsa_circRNA_102229,PFTK1
miR-199-sponge,PGC1A
FENDRR,PGC-1a
PGK1P2,PGK1
H19,PGRN
CARL,PHB2
LINC_00355,PHF19
CircCUX1,PHF20
Bmp1,Phf6
LINC01564,PHGDH
PTENP1,PHLPP
LOC729178,PHLPP2
IPS1,PHO2
HOTAIR,PHOX2A
ciRS-7,PI3K
HULC,PI3K
SNHG14,PI3K
SNHG16,PI3K
UCA1,PI3K
LncZEB1-AS1,PI3K
HEIH,PI3K
GAS5,PI3K
PVT1,PI3K
CircRILPL1,PI3K
PIP5K1A,PI3K
WT1-AS,PI3K
CircRNA_103801,PI3K
LSINCT5,PI3K
GFP-sponge16,PI3KCA
circSLC6A6,PI4KB
CASC2,PIAS3
HOTAIR,PIAS3
FOXD2-AS1,PIAS3
CDR1as,PIK3CD
ciRS-7,PIK3CD
HOTAIRM1,PIK3CD
CCAT1,PIK3IP1
CircHIPK3,PIK3R1
HOTAIR,PIK3R2
HOTAIR,PIK3R3
XIST,PIKBA
LINC01003,PIM1
LUADT1,PIM1
CircSPAG16,PIP5K1A
FALEC,PIWIL1
CRNDE,PIWIL4
MEG3,PKM2
RPPH1,PKM2
XLOC_006390,PKM2
NORAD,PKM2
CircPVT1,PKM2
OIP5-AS1,PKM2
COX-2,PLA2G4A
RNA transcripts that overlap the cyclooxygenase-2 (COX-2) promoter,PLA2G4A
SNHG14,PLA2G4A
NEAT1,PLA2G4A
MAPKAPK5-AS1,PLAGL2
ARAP1-AS1,PLAGL2
HCP5,PLAGL2
ILF3-AS1,PLAGL2
DCST1-AS1,PLAP1
MIR31HG,PLAU
NR2F2-AS1,PLEKHO2
ZNF609,PLK1
DANCR,PLK1
DLX6-AS1,PLK4
circRNA_002581,PLP2
CircRNA_2646,PLP2
AK081523,PLXNA4
AK088388,PLXNA4
MRAK081523,PLXNA4
CASC2,PLXNC
PRINS,PMAIP1
Linc00941,PMEPA1
c-Myc,PML
PBCAS4,PNPLA3
OTUD6B-AS1,PNRC2
NNT-AS1,PODXL
LINC01207,PODXL
LINC00488,PON2
HOXA-AS2,POU2F1
NEAT1,POU2F1
TUG1,POU2F1
lnc133b,PP2AC
XIST,PP65
SNHG16,PPAPDC1A
TUG1,PPAR
HULC,PPARA
LOC102176306,PPARGC1A
SNHG7,PPARGC1B
CASC2,PPARR
LncIMF2,PPARR
TUG1,PPARY
PPIAP22,PPIA
TSPEAR-AS2,PPM1A
HOTAIR,PPME1
H19,PPP1CA
LINC00466,PPP1R14B
MTDH,PPP2CA
HCG18,PPP2R2A
ENST00000518554,PPP3CA
ENST00000520186,PPP3CA
ENST00000547415,PPP3CA
ENST00000559981,PPP3CA
JHDM1D-AS1,PRAF2
HOXD-AS1,PRB
ANRIL,PRC2
HOTARI,PRC2
HOTAIR,PRC2
RBM5-AS1,PRC2
HBL1,PRC2
DNAJC3-AS1,PRDM14
BDNF-AS,PRDM5
lnc-NLC1-C,PRDX-3
TFF3,PRINS
LINC01315,PRKAA1
HULC,PRKACB
PCA3,PRKD3
SNHG16,PRMT5
ARRDC1-AS1,PRMT5
hsa_circ_0024108,PROX1
GAS5,Prox1
MIAT,Prox1
DLEU1,PRPS1
SNHG16,PRPS1
CCDC26,PRR11
hsa_circ_0000700,PRRG4
FEZF1-AS1,PRRX1
CircRNA051239,PRSS3
FER1L4,PRX1
hsa_circ_0000700,PSMB5
LINC00665,PSMD10
Nespas,PSMD11
Loc680254,PSRC1
PFL,PTAFR
CircGLIS3,PTBP1
HOTTIP,PTBP1
PVT1,PTCH1
ABHD13,PTEN
AFF1,PTEN
CASC2,PTEN
CCDC6,PTEN
circ-ITCH,PTEN
ciRS-7,PTEN
CNOT6L,PTEN
CTB-89H12.4,PTEN
CTBP2,PTEN
DCLK1,PTEN
DKK1,PTEN
DLX6-AS1,PTEN
DNM3OS,PTEN
FER1L4,PTEN
GAS5,PTEN
H19,PTEN
HIAT1,PTEN
HIF1A,PTEN
HOTAIR,PTEN
i-lncRNA,PTEN
JARID2,PTEN
KLF6,PTEN
LINC00657,PTEN
LINC01296,PTEN
lncRNA-FER1L4,PTEN
LRCH1,PTEN
MALAT1,PTEN
MBNL1,PTEN
MEG3,PTEN
miR-181-sponge,PTEN
miR-21 sponge,PTEN
MTDH,PTEN
NBAT1,PTEN
NEAT1,PTEN
NRAS,PTEN
p21,PTEN
PAX8-AS1-N,PTEN
PTENP1,PTEN
PWRN1,PTEN
RB1,PTEN
RBM9,PTEN
RP11-79H23.3,PTEN
RUNX1,PTEN
SERINC1,PTEN
TAF5,PTEN
TNKS2,PTEN
TNRC6a,PTEN
TNRC6b,PTEN
TP53TG,PTEN
TUG1,PTEN
USP16,PTEN
VAPA,PTEN
VCAN,PTEN
VEGFA,PTEN
XIST,PTEN
ZEB1,PTEN
ZEB2,PTEN
ZNF460,PTEN
ILF3-AS1,PTEN
LINC01089,PTEN
MBNL1-AS1,PTEN
BX357664,PTEN
TRAF3IP2-AS1,PTEN
TRHDE-AS1,PTEN
VRK1,PTEN
NALCN,PTEN
AK087124,PTEN
Circ_0002232,PTEN
LINC00861,PTEN
SNHG15,PTEN
GAN1,PTEN
WT1-AS,PTEN
WDFY3-AS2,PTEN
BRE-AS1,PTEN
LINC00261,PTEN
OIP5-AS1,PTEN
MT1JP,PTEN
LSINCT5,PTEN
ZNF800,PTEN
NEAT1,PTEN?
MALAT1,PTGS1
H19,PTK2
Linc00210,PTK2
MALAT1,PTK7
AGAP2-AS1,PTN
HNRNPK,PTOV1-AS1
USP30-AS1,PTP
NEAT1,PTP4A1
LINC00673,PTPN11
hsa_circ_0065336,PTPN11
CDKN2B-AS1,PTPN7
Circ_0049447,PTPRD
TCONS_00004099,PTPRF
HCG11,PTPRS
PTTG3P,PTTG1
XIST,PXN
SNHG8,PYGO2
HCG11,QKI5
LINC00441,RAB10
EBLN3P,RAB10
CYTOR,RAB10
SNHG6,RAB11A
NORAD,RAB11A
CASC11,RAB11FIP2
LINC00173,RAB14
ILF3-AS1,RAB14
HCG18,RAB14
CASC15,RAB14
LINC01320,RAB19
DANCR,RAB1A
miR-183 sponge,RAB21
Circ_0030018,RAB21
HOTAIR,RAB22A
UCA1,RAB22A
MIAT,RAB22A
CircHIPK3,RAB23
LINC00173,Rab25
FGD5-AS1,RAB3D
LINC01133,RAB3D
LINC00943,RAB3IP
Malat1,RAB5A
LINC00858,RABl3
FTH1P3,RAC1
MALAT1,RAC1
TUNAR,RAC1
SOX2OT,RAC1
RACGAP1P,RACGAP1
lincRNA-RoR,RAD18
LINC00858,RAD18
CDR1as,RAF1
MALAT1,RAF1
TP73-AS1,RAGE
CircNFATC3,RAI14
MALAT1,RALGAPA2
LEF1-AS1,RAMP3
ANRIL,RAN
Circ_0008542,RANK
CircRNA_103801,RAP1
MALAT1,RAP1B
ROCK2,RAP1B
LINC00514,RAP1B
LINC00665,RAP1B
FLVCR1-AS1,RAP2A
LINC01569,RAP2A
XIST,RAP2B
CCAT1,RAP2B
GHET1,RAP2B
c-Myc,RARA
HAND2-AS1,RARB
LKR13-Tet-On-KRAB-TE-let-7g,RAS
circ-ITCH,RASA1
CircMTO1,RASA1
SNHG8,RASA1
CASC2,RASSF6
TUSC7,RASSF6
H19,RB
Circ_0000714,RB
FER1L4,RB1
lncRNA-FER1L4,RB1
VCAN,RB1
HOXA-AS2,RBBP4
AC245100.4,RBBP5
SLCO4A1-AS1,RBBP6
MALAT1,RBG2
MALAT1,RBM24
MIR143HG,RBM24
TPRG1-AS1,RBM24
MIR4435-2HG,RBM3
MEG3,RBMS3
DARS-AS1,RBX1
DDX11-AS1,RBX1
miR-31 sponge,RDX
i-lncRNA,RECK
XIST,RECK
CircFAT1,REEP3
hsa_circ_0000700,REEP5
HOXA-AS2,RELA
miR221 sponge,RELA
miR222 sponge,RELA
lncRNA- RP11-156p1.3,RFTN1
SNHG17,RFX1
PCA3,RFX7
NEAT1,RGS20
NEAT1,RGS20 
AdDecoy133,RHOA
LOC554202,RHOA
miR-31 sponge,RHOA
OIP5-AS1,RHOA
NEAT1,RHOA
LOXL1-AS1,RHOB
antagomir-10b,RHOC
AKT3,RHOC
RP11-89K21.1,RHPN2
HBV,RIGG
FTX,RIGI
HBV,RIGI
lncRNA-NRF,RIPK1
NRF,RIPK1
lncRNA-NRF,RIPK3
NRF,RIPK3
UCA1,RISC
XIST,RISC
HOTAIRM1,RIZ1
XIST,RKIP
lincRNA-RoR,RKO
LINC01287,RNASEH2A
hsa_circ_0008234,RND3
Circ_LRIG3,RNF38
HNF1A-AS1,RNF38
NONhsaT024778,ROBO1
TRIM52-AS1,ROBO1
Circ-E2F3,ROC
DANCR,ROCK1
HOXA11-AS,ROCK1
MALAT1,ROCK1
SNHG5,ROCK1
TUG1,ROCK1
LINC00339,ROCK1
ZNF281,ROCK1
PITPNA-AS1,ROCK1
hsa_circ_0006859,ROCK1
TINCR,ROCK1
EWSAT1,ROCK1
KCNMB2-AS1,ROCK1
LINC00346,ROCK1
LINC00941,ROCK1
XIST,ROCK1
NEAT1,ROCK1
LUCAT1,ROCK1
CM3AP-AS1,ROCK1
H19,ROCK2
IGF1R,ROCK2
MALAT1,ROCK2
THRIL,ROCK2
XIST,ROCK2
CUL2,ROCK2
RP11-395G23.3,ROR1
TUG1,RORA
Circ_0081572,RORA
MEG3,RORRT
MEG3,ROR¦Ãt
NEAT1,RSF1
MEF2C-AS1,RSPO1
MEG3,RTKN
CircRNA_104348,RTKN2
LINC02288,RTN3
CASC2,RUNX1
FENDRR,RUNX1
H19,RUNX1
HSURs1,RUNX1
HSURs2,RUNX1
lncRNA-FER1L4,RUNX1
STAT3,RUNX1
Hoxaas3,RUNX1
anti-miR-204,RUNX2
anti-miR-211,RUNX2
CTB-180A7.6,RUNX2
hsa_circ_0050139,RUNX2
lnc-NTF3-5,RUNX2
lncRNA-MODR,RUNX2
MODR,RUNX2
PDGF,RUNX2
PVT1,RUNX2
RP11-523G9.3,RUNX2
TUG1,RUNX2
LncRNA-SNHG29,RUNX2
SNHG12,RUNX2
SNHG4,RUNX2
UCA1,RUNX2
MALAT1,Runx2
HHAS1,RUNX2
PCGEM1,RUNX2
MT1JP,RUNX3
LINC00657,RUNX3
PART1,RUNX3
DDX11-AS1,RWDD4
FOXD2-AS1,S100A1
KCNMB2-AS1,S100A10
LBX2-AS1,S100A11
SNHG8,S100A11
Linc01833,S100A4
NEAT1,S100A9
KCNQ1OT1,S1PR1
GAS5,S6K1
Hsa_circ_0043265,SALL1
HOXA11-AS,SALL4
ZEB2-AS1,SALL4
DUXAP8,SAPCD2
LINC01016,SATB1
IGFL2-AS1,SATB1
ELFN1-AS1,SATB1
H19,SATB1
HCG11,SATB2
circ_0051488,SATB2
ELFN1-AS1,SBK1
PTCSC3,SCAI
MEG3,SCARA5
SNHG16,SCD
LINC00174,SCD5
TP73-AS1,SDAD1
GAS5,SDC1
TRPM2-AS,SDC3
LINC01116,SDC3
WDFY3-AS2,SDC4
HOTAIR,SDF-1
LINC00261,SDPR
VPS9D1-AS1,SEC61A
RMST,SEMA3A
TDRG1,SEMA4C
PVT1,SEMA4D
Circ_NRIP1,SEMA4D
MCM3AP-AS1,SENP1
PVT1,SERBP1
TMPO-AS1,SERBP1
NKX2-1-AS1,SERPINE1
LINC00200,SERPINE1
HNF1A-AS1,SERTAD3
ZFAS1,SESN2
Circ_0015885,SESN3
DRAIC,SET7
DRAIC,SET9
GAS6-AS1,SETD1A
SLCO4A1-AS1,SETD7
LINC01194,SETD7
UCA1,SF1
LINC01089,SFRP1
UCA1,SFRP1
THAP9-AS1,SGMS2
HOTAIR,SGTB
hsa_circ_0075960,SH2B1
RP4,SH3GLB1
TP53TG1,SHCBP1
miR-155 sponge,SHIP1
PBCAS4,SHISA7
GM15290,SHMT2
hsa_circ_IPCEF1,SHOC2
miR-27a sponge,SIGLEC1
ENST01108,SIK1
SNHG1,SIK1
CircAMOTL1,SIK2
PITPNA-AS1,SIK2
ADNCR,SIRT1
ANRIL,SIRT1
C2DAT1,SIRT1
H19,SIRT1
HULC,SIRT1
MALAT1,SIRT1
miR-449 sponge,SIRT1
PRLB,SIRT1
SIRT1 AS,SIRT1
SIRT1-AS,SIRT1
TUG1,SIRT1
GAS5,SIRT1
MEG3,SIRT1
XIST,SIRT1
PP7080,SIRT1
MCM3AP-AS1,SIRT1
lncRNA-p21,SIRT1
HCG11,SIRT1
OIP5-AS1,SIRT1
SNHG7,SIRT1
Snhg8,SIRT1
LINC00958,SIRT1
ZFAS1,SIRT1
NEAT1,SIRT2
TUG1,SIRT3
APCDD1L-AS1,SIRT5
CCDC26,SIRT6
MALAT1,SIRT7
LincRNA-p21,SIRT7
lncRNA-SNHG7-003,SIRT7
PART1,Six1
XIST,SIX1
Loc680254,SKA1
HOTAIR,SKA2
CCDC183-AS1,SKP1
MEG3,SKP2
Linc-SCRG1,SKP2
miR168-sponge,SlAGO1A
miR168-sponge,SlAGO1B
FEZF1-AS1,SLC12A5
MCF2L-AS1,SLC12A7
TMPO-AS1,SLC12A7
miR-182 sponge,SLC1A1
miR-183 sponge,SLC1A1
miR-96 sponge,SLC1A1
circRNA_002581,SLC1A5
LINC02086,SLC26A2
NEAT1,SLC26A2
CircHECTD1,SLC2A1
LINC00667,SLC2A3
SNHG16,SLC2A4
LINC01559,SLC38A1
MEG3,SLC39A1
OIP5-AS1,SLC7A11
CircEPSTI1,SLC7A11
PVT1-5,SLC7A5
OIP5-AS1,SLC7A5
SLCO4A1-AS1,SLCO4A1
MALAT1,SLUG
PVT1,SLUG
Unigene56159,SLUG
AC007271.3,Slug
H19,SMAD
MALAT1,SMAD1
5-Mar,SMAD2
CircMTO1,SMAD2
ZFAS1,SMAD2
SOX2,SMAD2
AFAP1-AS1,SMAD2
CHRF,SMAD3
MALAT1,SMAD3
ACTA2-AS1,SMAD3
LINC01116,SMAD3
MIR503HG,SMAD3
CDKN2B,SMAD3
H19,SMAD3
PlncRNA-1,SMAD3
NEAT1,SMAD3
Circ0083429,SMAD3
SOX2,SMAD3
MALAT1,SMAD4
MFAT1,SMAD4
MTX2-6,SMAD4
CircMTO1,SMAD4
hsa_circ_0004872,SMAD4
PVT1,SMAD4
SNHG5,SMAD4
TRG-AS1,SMAD4
GAS5,SMAD4
CALML3-AS1,SMAD4
SOX2,SMAD4
STX12,SMAD5
LINC01116,SMAD5
KCNMB2-AS1,SMAD5
HCP5,SMAD5
COL1A2-AS1,SMAD7
HBV,SMAD7
hsa_circ_0058106,SMAD7
hsa_circ_0058107,SMAD7
MTDH,SMAD7
XIST,SMAD7
CircPVT1,SMAD7
CircRNA_0026344,SMAD7
HOTTIP,SMARCE1
GAS5,SMG1
NEAT1,SMO
Circ_0003012,SMOC2
MIR503HG,SMURF2
CNALPTC1,SNAI1
LINC01133,SNAI1
HOTAIRM1,SNAI2
AEG-1,SNAIL
HERG,SNAIL
HOTAIR,SNAIL
MALAT1,SNAIL
PVT1,SNAIL
UCID,SNAIL
DGCR5,SNAIL
TRERNA,SNAIL1
PVT1,SNAIL1
loc339803,SNAIL1
HOTAIR,SNAIL2
NEAT1,SNAIL2
UCA1,SNAIL2
LOC553103,SNAL1
MALAT1,SNARE
CDR1as,SNCA
linc-NeD125,SNCAIP
DLX6-AS1,SNCG
CCR7,SNHG12
LINC01614,SNX3
Circ_0001445,SNX5
MEG8,SOBP
ESAT-6,SOCS1
Circ_0134111,SOCS1
NORAD,SOCS1
SLC16A1-AS1,SOCS2
NEAT1,SOCS2
LINC00261,SOCS3
hsa_circ_0001785,SOCS3
HCG11,SOCS5
CASC2,SOCS5
UCA1,SOCS7
ZFPM2,SOD2
MAFG-AS1,SOD2
H19,SORBS2
NONMMUT055714,SORLA
DUXAP8,SOS1
HOXC-AS3,SOS1
MEG3,SOST
CEP128,SOX11
MEG3,SOX11
MIAT,SOX11
RNF144A-AS1,SOX11
TMPO-AS1,SOX11
PCGEM1,SOX11
C9orf139,Sox12
TMPO-AS1,SOX12
PRR34-AS1,SOX12
Peg13,Sox13
ASMTL-AS1,SOX17
HOTAIR,SOX2
hsa_circ_0036722,SOX2
lincRNA-RoR,SOX2
ROR,SOX2
SOX2OT,SOX2
UCA1,SOX2
DANCR,SOX2
NEAT1,SOX3
TUG1,SOX4
UCA1,SOX4
HOXD-AS1,SOX4
FTX,SOX4
HCG11,SOX4
THAP9-AS1,SOX4
HIF1A-AS2,SOX4
LINC01305,Sox4
XLOC_006390,SOX4
TMPO-AS1,SOX4
MIR205HG,SOX4
OIP5-AS1,SOX4
circ_0005909,SOX4
circ_0089823,SOX4
Circ_0124644,SOX4
SNHG17,SOX4
LINC00511,SOX4
NEAT1,SOX4
LncRNA-42060,SOX4
HNF1A-AS1,SOX4
HNF1A-AS1,SOX4 
TUG1,SOX4 
UCA1,SOX4 
NEAT1,SOX5
SNHG12,SOX5
UCC,SOX5
SOX2OT,SOX5
H19,SOX6
MALAT1,SOX6
PART1,SOX6
CASC2,SOX7
ACTA2-AS1,SOX7
H19,SOX8
TUG1,SOX8
LINC00319,SOX9
RMRP,SOX9
SNHG1,SOX9
SNHG9,SOX9
SNHG14,SOX9
LINC01132,SOX9
H19,SOX9
Linc-ROR,SOX9
Circ_0020095,SOX9
circRNA_0001236,SOX9
LINC00115,SOX9
DUXAP9,SOX9
CDR1as,SP1
GACAT3,SP1
HOTAIR,SP1
HOXA11-AS,SP1
TINCR,SP1
ZFAS1,SP1
DLEU1,SP1
WEE2-AS1,SP1
LINC00491,SP1
UCA1,SP1
AFAP1-AS1,SP1
XIST,SP1
KCNQ1OT1,SP1
NEAT1,SP1
CircRNA_0005529,SP1
UCA1,SP3
LINC00483,SPAG9
ZSCAN16-AS1,SPAG9
OIP5-AS1,SPARC
H19,SPARC
MALAT1,Spastin
MEG3,SPD
HULC,SPHK1
LINC00460,SPHK1
PSMG3AS1,SPHK1
MAFG-AS1,SPHK1
MALAT1,SPHK1
MHENCR,SPIN1
LINC00473,SPIN1
V-156,SPL10
V-156,SPL2
V-156,SPL3
TTN-AS1,SPOCK1
UCA1,SPOCK1
PCAT18,SPRR3
CASC2,SPRY2
miR-21 sponge,SPRY2
CCAT1,SPRY4
PCA3,SREBP1
HOTAIR,SRF
MALAT1,SRF
DLEU1,SRPK1
HAGLR,SRSF
CDR1as,SRSF1
HOTAIR,SRSF1
MRUL,SRSF2
ZNF561-AS1,SRSF6
LINC00174,SSH2
SNHG14,SSR2
RP11-874J12.4,SSR2
RNA01134,SSRP1
DLG1-AS1,SSRP1
LINC00691,ST5
HCP5,ST6GAL2
HCP5,ST6GAL2 
MALAT1,ST8SIA4
H19,STAR
CDH5,STARD13
HOXD1,STARD13
HOXD10,STARD13
LINC01089,STARD13
MIR31HG,STARD7
SNHG16,STARD9
HULC,STAT
UCA1,STAT
PRKCQ-AS1,STAT1
SNHG15,STAT1
ATB,STAT3
circ_0005015,STAT3
H19,STAT3
HCV RNA,STAT3
HOST2,STAT3
HOTAIR,STAT3
HOXA11-AS,STAT3
LINC01287,STAT3
MALAT1,STAT3
MIAT,STAT3
NEAT1,STAT3
RB1,STAT3
TALNEC2,STAT3
GACAT3,STAT3
ANRIL,STAT3
LincRNA-Cox2,STAT3
SH3PXD2A-AS1,STAT3
AFAP1-AS1,STAT3
CircVAPA,STAT3
lnc865,STAT3
lnc556,STAT3
XIST,STAT3
LINC00467,STAT3
hsa_circ_0000117,STAT3
Circ_0072088,STAT3
CDKN2B-AS1,STAT3
CircRNA_ACAP2,STAT3
SNHG20,STAT3
BC037916,STAT3
EGFR-AS1,STAT3
LINC01116,STAT3
MIR22HG,STAT3
SNHG1,STAT3
AKT3,STAT3
LINC00662,STAT3
VCAN-AS1,STAT3
GACAT3,STAT3 
GAS5,STAT5
TCL6,STAU1
HOTTIP,STC1
Circ-140,STC1
KCNQ1OT1,STC1
ROR1-AS1,STC2
SNHG17,STC2
MIAT,STIM1
CDKN2B-AS1,STK39
MTORT1,STK4
MALAT1,STMN1
MIR31HG,STMN1
CircST6GALNAC6,STMN1
ZNF609,STMN1
XIST,STX17
SNHG6,STYX
SNHG3,SUMO2
SNHG16,SUSD2
Circ-TOP2A,SUSD2
RBM5-AS1,SUZ12
lincRNA-RoR,SW480
lincRNA-RoR,SW620
LINC00346,SZRD1
Circ_AFF2,TAB2
CASC2,TAB2
SNHG6,TAK1
SNHG6-003,TAK1
TUG1,TAK1
PVT1,TALIN1
LINC00894-002,TAMR
DLEU2L,TAOK1
PBCAS4,TAPBP
LINC00174,TAZ
LINC00174,TAZ 
CircPVT1,TBX15
HOTAIR,TBX3
SPRY4-IT1,TCEB1
PIP5K1A,TCF12
GLIDR,TCF12
MIR194-2HG,TCF19
CCAT1,TCF21
ADNCR,TCF3
CRNDE,TCF4
LINC00152,TCF4
LINC00261,TCF4
PTPRG-AS1,TCF4
KCNQ1OT1,TCF4
Circ-DENND4C,TCF4
LOC728196,TCF7
NBR2,TCF7
HOTAIR,TCF7L2
CRNDE,TCF7L2
CCAT2,TCF7L2
Circ-PRMT5,TCF7L2
CRNDE,TCF7L2 
V-139,TCP2
V-139,TCP4
SOX2OT,TDGF1
MEG3,TDO
TUG1,TESC
LINC01089,TET1
NUTM2A-AS1,TET1
DHRS4-AS1,TET1
MEG3,TET2
CircMAP3K5,TET2
GATA3-AS1,TEX10
TP73-AS1,TFAM
XIST,TFAM
SLC2A1-AS1,TFAP2A
DLEU1,TFAP2A
Linc00467,TFAP2A
TTN-AS1,TFAP4
LINC02747,TFE3
FOXD3-AS,TFF1
PVT1,TFR1
TUG1,TGB1
ATB,TGDB2
MALAT1,TGFA
LINC00857,TGFA
ATB,TGFB
CASC2,TGFB
lincRNA-RoR,TGFB
MALAT1,TGFB
PVT1,TGFB
AFAP1-AS1,TGFB
HOTAIRM1,TGFB
DANCR,TGFB
ATB,TGFB1
circ_010567,TGFB1
circRNA_010567,TGFB1
H19,TGFB1
LET,TGFB1
MALAT1,TGFB1
TUG1,TGFB1
XIST,TGFB1
LINC01116,TGFB1
AFAP1-AS1,TGFB1
lncRNA-ATB,TGFB2
DLGAP1-AS1,TGFB2
CASC18,TGFB2
CASC9,TGFB2
circ_0057452,TGFB2
ATB,TGFB2
H19,TGFBI
SBF2-AS1,TGFBR1
NORAD,TGFBR1
MEG8,TGFBR1
TCONS_00814106,TGFBR1
PVT1,TGFBR1
HOXA-AS2,TGFBR2
MALAT1,TGFBR2
H19,TGFBR2
NORAD,TGFBR2
CDKN2B,TGFBR2
CircTGFBR2,TGFBR2
SNHG14,TGFBR2
LINC00052,TGFBR2
ADAMTS9-AS2,TGFBR3
HMGA2,TGFBR3
SNHG5,TGFBR3
Circ-RNF13,TGIF2
NEAT1_2,TGM2
GAS5,TH1
GAS5,TH2
NEAT1,TIM3
NEAT1,TIMD4
TUG1,TIMP1
GAS5,TIMP2
LINC00312,TIMP2
LINC01303,TIMP2
i-lncRNA,TIMP3
CircSLC7A2,TIMP3
GAS5,TIMP3
4930556M19Rik,TIMP3
Linc00261,TIMP4
Circ_0010235,TIPRL
anti-miR 145,TIRAP
anti-miR 146a,TIRAP
anti-miR-145,TIRAP
anti-miR-146a,TIRAP
XIST,TITIN
CCAT2,TK1
SNHG16,TLR4
Linc-KIAA1737-2,TLR4
HULC,TLR4
GAS5,TLR4
Circ-HACE1,TLR4
ARFRP1,TLR4
MIAT,TLR4
PRNCR1,TLR4
UCA1,TLR4
XIST,TLR4
ARID1A,TLR4
SNHG1,TLR5
LINC02308,TM4SF1
PVT1,TMBIM6
MIR4713HG,TMC7
SMARCC2,TMPRSS4
lncRNA-MSR,TMSB4
lincRNA-RoR,TNBC
MEG8,TNF
DLEU2,TNF
TUG1,TNF
GM4419,TNFA
lnc-NOS2P3,TNFA
TUG1,TNFA
H19,TNFA
HIX003209,TNFA
HAND2-AS1,TNFAIP3
LINC01125,TNFAIP3
FAM201A,TNKS1BP1
CircCDYL,TNRC6A
LINC00261,TNRC6A
NR2F1-AS1,TOB1
PRR34-AS1,TOMM20
ECONEXIN,TOP2A
DUXAP8,TOP2A
DGCR5,TOP2A
RHPN1-AS1,TOP2A
PCAT-1,TP53
ADIPOQ,TP53
LEMD1-AS1,TP53
DHRS4-AS1,TP53
DARS-AS1,TP53
MEG3,TP53INP1
TCONS_00026334,TP53INP1
SNHG15,TP53INP1
TSIX,TP53INP2
CASC7,TP73
LINC01133,TPD52
NEAT1,TPD52
LINC01296,TPM1
HOTAIR,TPM3
LINC01705,TPR
LINC01133,TPT1
RHPN1-AS1,TPX2
HLA-F-AS1,TRABD
DDX11-AS1,TRAF5
CDKN2B-AS1,TRAF5
anti-miR 145,TRAF6
anti-miR 146a,TRAF6
MALAT1,TRAF6
anti-miR-145,TRAF6
anti-miR-146a,TRAF6
HCG18,TRAF6
LOXL1-AS1,TRAF6
NEAT1,TRAF6
PVT1,TRAF6
NEAT1,TRAF7
CASC2,TRAIL
GUARDIN,TRF2
MFI2-AS1,TRIAP1
TUG1,TRIB2
CircDtx1,TRIF
MSC-AS1,TRIM14
Circ_0005198,TRIM14
OIP5-AS1,TRIM14
DLEU2,TRIM2
NR2F1-AS1,TRIM2
LINC01207,TRIM22
CircEPSTI1,TRIM24
Linc00963,TRIM24
ZFPM2-AS1,TRIM24
XIST,TRIM25
SNHG3,TRIM25
miR-27a sponge,TRIM27
LINC00324,TRIM29
TMPO-AS1,TRIM37
NEAT1,TRIM37
KCNQ1OT1,TRIM44
LINC00858,TRIM44
MALAT1,TRIM65
LINC00472,TRIM8
CircRNA_010383,TRPC1
AC068039.4,TRPC6
TUG1,TRPC6
ST7-AS1,TRPM7
KCNQ1OT1,TRPS1
MEG3,TRPV4
H19,TRX
MALAT1,TS
GAS6,TSPAN3
DLEU1,TTF2
HCP5,TTF2
PPP1R26-AS1,TTF2
CCDC18-AS1,TTF2
MCF2L-AS1,TTF2
OIP5-AS1,TUB
Circ_C16orf62,TUBB2A
LINC01123,TUFT1
ZFPM2-AS1,TUSC3
MIR503HG,TUSC3
LOC150622,TUSC7
M59227,TUSC7
SNHG3,TWIST
ASLNC02525,TWIST1
HERG,TWIST1
LINC00319,TWIST1
PVT1,TWIST1
TGFBR2,TWIST1
hsa_circ_0001681,TWIST1
MIR205HG,TWIST2
NEAT1,TXNI
GAS5,TXNIP
MALAT1,TXNIP
MEG3,TXNIP
CASC9,TXNIP
HOTAIR,TYMS
MALAT1,TYMS
MEG3,TYMS
PRNCR1,TYMS
SH3PXD2A-AS1,UBA2
ENST00000535511,UBD
ciRS-7,UBE2A
MALAT1,UBE2C
LINC01116,UBE2L3
UCA1,UBE2N
Linc00426,UBE2V1
circRNA_007585,UCP2
LINC00574,UGT2B15
PP7080,UHRF1BP1
HOTAIRM1,ULK1
PTENP1,ULK1
Circ_0005774,ULK1
Gm15834,ULK1
TMEM87A,ULK1
MALAT1,ULK2
Circ-KIAA0907,UNC13C
PITPNA-AS1,UNC5B
MIR31HG,UPA
NEAT1_1,uPAR
MALAT1,UPF1
CDKN2B-AS1,URGCP
H19,USP10
Circ_DOCK1,USP11
OGRU,USP14
SNHG16,USP21
HULC,USP22
CircFAT1,USP22
KCNQ1OT1,USP22
Circ_0057558,USP33
circCLSPN,USP39
DSCAM-AS1,USP47
KCNQ1OT1,USP47
LINC00689,USP6NL
XIST,USP8
LINC00659,UST-AS1
HULC,VAMP2
DANCR,VAPB
H19,VASH2
RMST,VCAM1
CD34,VCAN
FN1,VCAN
PTEN,VCAN
NEAT1,VCP
H19,VDAC1
MEOX2-AS1,VDAC1
H19,VDR
ANG-2,VEGF
BCYRN1,VEGF
CAMTA1,VEGF
H19,VEGF
HOTAIR,VEGF
MEG3,VEGF
MIAT,VEGF
miR-9 sponge,VEGF
TUG1,VEGF
UCA1,VEGF
SNHG16,VEGF
MCM3AP-AS1,VEGF
circ_MYLK,VEGFA
CTDP1,VEGFA
GFP-sponge16,VEGFa
H19,VEGFA
HOTAIR,VEGFA
LINC00511,VEGFA
LINC00668,VEGFA
lncRNA-FER1L4,VEGFA
MYLK,VEGFA
RUNX1,VEGFA
SNHG15,VEGFA
TUG1,VEGFA
DLX6-AS1,VEGFA
linc00174,VEGFA
LINC00941,VEGFA
JPX,VEGFA
CircASH2L,VEGFA
MALAT1,VEGFA
NEAT1,VEGFA
SNHG5,VEGFA
circGLI3,VEGFA
GAS5,VEGFA
THAP9-AS1,VEGFA
LINC00707,VEGFA
FOXD2-AS1,VEGFA
NORAD,VEGFA
HOTAIR,VEGFA 
PVT1,VEGFC
AFAP1-AS1,VEGFC
circ_MYLK,VEGFR2
AEG-1,VIM
BLACAT1,VIM
CNALPTC1,VIM
H19,VIM
HOTAIR,VIM
MIR210HG,VIM
NEAT1,VIM
PVT1,VIM
TRERNA,VIM
LINC01503,VIM
LINC00857,VIM
GAS5,VIM
FAM201A,VIM
LINC00665,VMA21
OIP5-AS1,VOPP1
hsa_circ_0036722,VSNL1
PVT1,WAVE1
LOC554202,WAVE3
TNK2-AS1,WDR1
LINC00461,WDR1
CCDC144NL-AS1,WDR5
LINC01410,WEE1
LINC00470,WEE1
TRPM2-AS,WEE1
XIST,WEE1
HEIH,WEE1
AdDecoy133,WHSC2
LINC01541,WIF1
HCG18,WIPF1
NEAT1,WISP1
LINC00511,WISP1
LINC00511,WISP2
SNHG17,WLS
CRNDE,WNT
LUCAT1,WNT
lncRNAS56464.1,WNT
NORAD,WNT
PCAT1,WNT1
XIST,WNT1
HOTAIRM1,WNT10B
HOXB-AS1,WNT10B
RAET1E-AS1,WNT11
circHIPK,WNT2
CRNDE,WNT2
SNHG12,WNT2
CircLMO7,WNT2
HAGLR,WNT2
hsa_circ_0024108,WNT2B
hsa_circ_0036722,WNT2B
hsa_circ_0058106,WNT2B
SNHG7,WNT2B
RPPH1,WNT2B
AC104041.1,Wnt2B
CDKN2B-AS1,WNT2B
decoy vector mir-16,WNT3A
LINC00473,WNT3A
DQ786243,WNT3A
NEAT1,WNT4
XIST,WNT5A
FAM230B,WNT5A
H19,WNT5A
ZFR,WNT5A
Zeb1,WNT5a
MSC-AS1,WNT5A
CTBP1-AS2,WNT7A
CASC15,WNT7A
Ttc3-209,WNT8A
LOC100505817,WT1
HOTAIR,WT1
PCGEM1,WTAP
lncRNA-EMS,WTAP
DUXAP8,WTAP
WWOX-AS1,WWOX
CircWAC,WWP1
SNHG7,XBP1
LINC00963,XBP1
NEAT1,XBP1
circ_0005015,XIAP
circVMA21,XIAP
CRNDE,XIAP
XLOC_008466,XIAP
LSINCT5,XIAP
UCA1,XIAP
HOTAIR,XIRP1
Circ_XP01,XPO1
XIST,YAP
ASAP1-IT1,YAP
NONMMUT065582,YAP1
PVT1,YAP1
SNHG15,YAP1
UCA1,YAP1
PICSAR,YAP1
RP11-51O6.1,YAP1
LUCAT1,YAP1
CRNDE,YAP1
CircRPPH1,YAP1
DLG1-AS1,YAP1
Linc00475,YAP1
RP11-757G1.5,YAP1
PAICC,YAP1
circ_0014130,YAP1
Linc1749808,YAP1
EPB41L4A-AS2,YBX1
PRKCQ-AS1,YBX1
Circ_100984,YBX1
H19,YES1
FIRRE,YOD1
ARL3,YTHDC1
CERS6-AS1,YWHAG
MAPKAPK5-AS1,YWHAH
circ_036186,YWHAZ
MIR31HG,YWHAZ
MLK7-AS1,YWHAZ
MIR4435-2HG,YWHAZ
GACAT1,YY1
LINC00958,YY1
lnc-TLCD2-1,YY1
SNHG16,YY1
MIAT,ZAK
CircTP63,ZBTB18
SNHG8,ZBTB20
PAX8-AS1-N,ZBTB4
MALAT1,ZBTB4
PAX8-AS1-N,ZBTB4 
LINC00936,ZC3H12A
FOXD3-AS1,ZCCHC3
ADPGK-AS1,ZEB1
AP000695.4,ZEB1
ATB,ZEB1
CAT104,ZEB1
circ_008913,ZEB1
FAL1,ZEB1
H19,ZEB1
HOTTIP,ZEB1
HOXA11-AS,ZEB1
hsa_circ_0020123,ZEB1
HULC,ZEB1
LINC00673,ZEB1
lincRNA-RoR,ZEB1
lncARSR,ZEB1
MALAT1,ZEB1
MIAT,ZEB1
N-BLR,ZEB1
NEAT1,ZEB1
NNT-AS1,ZEB1
OIP5-AS1,ZEB1
PVT1,ZEB1
ROR,ZEB1
SNHG16,ZEB1
SNHG6,ZEB1
TUG1,ZEB1
UCA1,ZEB1
ZEB1-AS1,ZEB1
ZFAS1,ZEB1
ZNRD1-AS1,ZEB1
HOTAIR,ZEB1
LINC00894,ZEB1
XIST,ZEB1
LINC01296,ZEB1
VIM-AS1,ZEB1
AC010789.1,ZEB1
CRNDE,ZEB1
FBXL19-AS1,ZEB1
LINC01123,ZEB1
lncGALM,ZEB1
PCED1B-AS1,ZEB1
LUCAT1,ZEB1
NORAD,ZEB1
DANCR,ZEB1
GAS5,ZEB1
ATB,ZEB2
H19,ZEB2
lincRNA-RoR,ZEB2
lncARSR,ZEB2
MALAT1,ZEB2
PVT1,ZEB2
ROR,ZEB2
TUG1,ZEB2
UCA1,ZEB2
UICLM,ZEB2
XIST,ZEB2
ZFAS1,ZEB2
CircMMP11,ZEB2
LINC01296,ZEB2
Circ0005875,ZEB2
lncGALM,ZEB2
GAS5,ZEB2
HOTTIP,ZEB2
lncARSR,ZEBC
ADAMTS9-AS1,ZFP36
PVT1,ZFP36L2
CCAT1,ZFX
HOXA-AS2,ZFX
NFIA-AS2,ZFX
NEAT1,ZFX
FABP5P3,ZMYND19
KCNQ1OT1,ZNF146
ATB,ZNF217
SNHG1,ZNF217
CTBP1-AS2,ZNF217
OIP5-AS1,ZNF217
MALAT1,ZNF217
UCA1,ZNF281
hsa_circ_0008003,ZNF281
FEZF1-AS1,ZNF312B
circVRK1,ZNF652
LSINCT5,ZNF703
ZNFX1-AS1,ZNFX1
MALAT1,ZO1
PlncRNA1,ZO1
XIST,ZO2
